id,title,author,author_url,date,views,status,star_rating,summary_text,full_text,company_reply,url
apsiyonun-yanlis-bilgilendirmesi-ve-haksiz-fatura-kesintileri,Apsiyon'un Yanlış Bilgilendirmesi Ve Haksız Fatura Kesintileri,Dilay,https://www.sikayetvar.com/uye/dilay-17465377,24 Eylül 2026 16:38,18,Yayında,,"Yaklaşık 5 aydır sitemizde Apsiyon’un site yönetimi ürününü kullanıyoruz. Başlangıçta bize, ödemelerin banka üzerinden y...apılacağı, bir kampanya bulunduğu ve faturaların bize yansımayacağı açıkça söylendi. Ancak Apsiyon ile banka arasındaki bariz iletişim ve koordinasyon eksikliği nedeniyle, bu fatur...","Yaklaşık 5 aydır sitemizde Apsiyon’un site yönetimi ürününü kullanıyoruz. Başlangıçta bize, ödemelerin banka üzerinden yapılacağı, bir kampanya bulunduğu ve faturaların bize yansımayacağı açıkça söylendi. Ancak Apsiyon ile banka arasındaki bariz iletişim ve koordinasyon eksikliği nedeniyle, bu faturaların tamamı hiçbir uyarı yapılmadan bana yansıtıldı ve üstüne bir de hesaplara erişimim kısıtlandı. Temmuz ayında ilk kez faturaların yansıdığını gördüm ve üç ay boyunca toplam 15 adet fatura, haksız ve ağır bir yük halinde tarafımıza çıkarıldı. Bankayla sürecin sonunda yapılan görüşmelerde, bize en başta verilen bilginin yanlış olduğu, aslında böyle bir kampanya bulunmadığı ve faturaların bizim tarafımızdan ödenmesi gerektiği söylendi. Yani hem banka hem de Apsiyon yanlış ve eksik bilgilendirme yapıyor, fakat tüm maddi yük ve mağduriyet sadece bize bırakılıyor. Bu tabloyu kabul etmiyorum. Haksız yere tarafımıza yansıtılan üç aylık, toplam 15 faturanın derhal detaylı şekilde incelenmesini ve bu bedellerin iptal edilmesini ya da tarafımıza iade edilmesini talep ediyorum. Hesap erişim kısıtlamamın da acilen kaldırılmasını, bundan sonraki süreçte yazılı ve net bir bilgilendirme yapılmasını ve bu açık hatanın sorumluluğunun müşteriye değil, gerekli kurum ve kişilere yüklenmesini istiyorum.",,https://www.sikayetvar.com/apsiyon/apsiyonun-yanlis-bilgilendirmesi-ve-haksiz-fatura-kesintileri
apsiyonda-sozlesme-iptali-icin-yaniltici-bilgi-ve-iptal-bedeli-talebi,Apsiyon’da Sözleşme İptali İçin Yanıltıcı Bilgi Ve İptal Bedeli Talebi,Hakan,https://www.sikayetvar.com/uye/hakan-9375792,22 Eylül 2026 22:42,27,Yayında,,"Gülaçtı Deniz Konakları 1. Etap yönetimi olarak bir süredir Apsiyon firmasının uygulaması ve muhasebeleştirme sürecinde ...yaşadığımız sorunlar nedeniyle hem sistemi sağlıklı kullanamadık hem de yetkililere ulaşmakta ciddi güçlük çektik. Buna rağmen iyi niyetli bir şekilde durumu anlamaya, çözmeye çalı...","Gülaçtı Deniz Konakları 1. Etap yönetimi olarak bir süredir Apsiyon firmasının uygulaması ve muhasebeleştirme sürecinde yaşadığımız sorunlar nedeniyle hem sistemi sağlıklı kullanamadık hem de yetkililere ulaşmakta ciddi güçlük çektik. Buna rağmen iyi niyetli bir şekilde durumu anlamaya, çözmeye çalıştık ve Apsiyon merkez ile e‑posta üzerinden görüştük. Bu yazışmalarda, Eylül 2026 itibarıyla taahhüt süremizin sona ereceği özellikle tarafımıza iletildi. Yönetim kurulu olarak bu bilgiye güvenerek Eylül ayında taahhüdün biteceğini, bu nedenle sistemi kapatıp 65 hane için Excel üzerinden devam edebileceğimizi kararlaştırdık. Uygulamayı fiilen Ağustos itibarıyla kullanmayı bıraktık, sistemi sonlandırmak istediğimizi de Apsiyon’a bildirdik. Ancak “taahhüt 3 yıl, kapatamazsınız” şeklinde bir geri dönüş yapıldı ve daha önce yazılı olarak verilen “Eylül 2026’da sonlanır” bilgisini kendilerine iletmemize rağmen tarafımıza 13.615 TL + KDV tutarında taahhüt iptal bedeli yansıtılmaya çalışıldı. Şu an uygulamayı kullanmıyor olmamıza rağmen sistemin açık tutulduğunu, “kapatın” dediğimizde ise “size ulaşamıyoruz, bu yüzden kapatamıyoruz” şeklinde çelişkili cevaplar aldığımızı belirtmek isteriz. Ne yetkililere sağlıklı şekilde ulaşabiliyoruz ne de talep ettiğimiz sonlandırma işlemini gerçekleştirebiliyoruz; arayan soran da olmuyor. Apsiyon’dan talebimiz, bize yazılı olarak bildirilen Eylül 2026 taahhüt bitişine dair verilen bilgi dikkate alınarak hesabımızın derhal kapatılması ve 13.615 TL + KDV tutarındaki taahhüt iptal bedeli dahil olmak üzere herhangi bir ceza yansıtılmadan sözleşmenin sonlandırılmasıdır. Yaşanan bu süreç devam ettiği takdirde yasal yollara ve Tüketici Hakem Heyeti'ne başvuracağımızı da ayrıca belirtmek istiyoruz.",,https://www.sikayetvar.com/apsiyon/apsiyonda-sozlesme-iptali-icin-yaniltici-bilgi-ve-iptal-bedeli-talebi
withdrawn-3,[Şikayet Yayından Kaldırıldı],İrem,https://www.sikayetvar.com/uye/irem-17599964,6 Eylül 2026 19:14,9,Çözüldü (Yayından Kaldırıldı),4,İrem şikayetini yayından kaldırdı.,İrem şikayetini yayından kaldırdı.,,
withdrawn-4,[Şikayet Yayından Kaldırıldı],Yunus,https://www.sikayetvar.com/uye/yunus-7548498,4 Eylül 2026 12:08,37,Çözüldü (Yayından Kaldırıldı),5,Yunus şikayetini yayından kaldırdı.,Yunus şikayetini yayından kaldırdı.,,
apsiyonda-sms-dogrulama-kodu-gelmemesi-ve-telefon-numarasi-guncellenememesi,Apsiyon'da SMS Doğrulama Kodu Gelmemesi Ve Telefon Numarası Güncellenememesi,Mehlika,https://www.sikayetvar.com/uye/mehlika-1360789,17 Ağustos 2026 22:31,115,Yayında,,Apsiyon uygulamasını site sakini olarak kullanıyorum. Daha önce halamın dairesi için açtığım hesabımda onun telefon numa...rası kayıtlıydı. Hesabımı silip kendi evim için yeniden hesap açmak istedim ancak SMS ile gelen doğrulama kodu defalarca denememe rağmen bir türlü ulaşmadı. Bu sorun yaklaşık iki s...,"Apsiyon uygulamasını site sakini olarak kullanıyorum. Daha önce halamın dairesi için açtığım hesabımda onun telefon numarası kayıtlıydı. Hesabımı silip kendi evim için yeniden hesap açmak istedim ancak SMS ile gelen doğrulama kodu defalarca denememe rağmen bir türlü ulaşmadı. Bu sorun yaklaşık iki saattir devam ediyor ve hâlâ doğrulama kodu gelmiyor. Eski hesabımda kayıtlı olan telefon numarası 543 *******60’tır. Artık kendi dairem için Apsiyon’u aktif şekilde kullanmam gerektiğinden, numaramın 532 *******88 olarak güncellenmesini ve doğrulama kodu SMS sorununun acil şekilde giderilmesini istiyorum. Mesai saatleri dışında olduğum için WhatsApp hattınız üzerinden de destek alamıyorum ve bu nedenle şu anda uygulamayı hiç kullanamıyorum. Hesabımın yeniden erişilebilir hale getirilmesini, telefon numaramın yeni numaramla güncellenmesini ve SMS doğrulama sorununun kalıcı olarak çözülmesini talep ediyorum.",,https://www.sikayetvar.com/apsiyon/apsiyonda-sms-dogrulama-kodu-gelmemesi-ve-telefon-numarasi-guncellenememesi
apsiyon-opsiyon-programinda-soz-verilen-10-bin-tl-hediye-cek-ve-veri-girisi-gerceklestirilmiyor,Apsiyon Opsiyon Programında Söz Verilen 10 Bin TL Hediye Çek Ve Veri Girişi Gerçekleştirilmiyor,Mustafa,https://www.sikayetvar.com/uye/mustafa-17523807,14 Ağustos 2026 18:51,119,Yayında,,"Uzun süredir Apsiyon’un Opsiyon programı kapsamında site yönetimi için hizmet almaktayım. Programı satın alırken tarafım...a 10.000 TL hediye çeki verileceği ve tüm verilerin sistem üzerine Apsiyon ekibi tarafından girileceği açıkça vaat edildi. Ancak aradan yaklaşık 1,5 yıl geçmesine rağmen bu vaatler...","Uzun süredir Apsiyon’un Opsiyon programı kapsamında site yönetimi için hizmet almaktayım. Programı satın alırken tarafıma 10.000 TL hediye çeki verileceği ve tüm verilerin sistem üzerine Apsiyon ekibi tarafından girileceği açıkça vaat edildi. Ancak aradan yaklaşık 1,5 yıl geçmesine rağmen bu vaatlerin hiçbirisi yerine getirilmedi. Bu süreçte defalarca talep bıraktım ve müşteri temsilcileriyle görüştüm. Her seferinde “Size dönüş yapılacak, ilgili birim sizinle iletişime geçecek” denmesine rağmen bugüne kadar tarafıma herhangi bir geri dönüş sağlanmadı, hiçbir somut adım atılmadı. Buna rağmen her ay düzenli olarak fatura gönderilmeye devam ediliyor ve ben de ödemelerimi aksatmadan yapıyorum. Yani ödeme yükümlülüğümü eksiksiz yerine getirirken, karşılığında satın aldığım hizmeti alamıyorum. Müşteri temsilcileriyle ve yetkili kişilerle yaptığım görüşmelere rağmen mağduriyetim giderilmedi. İlgisiz ve çözüm üretmeyen bu yaklaşım, bir müşteri olarak kendimi tamamen göz ardı edilmiş hissetmeme neden oldu. Yaklaşık 1,5 yıldır devam eden bu mağduriyetin artık görmezden gelinmesini değil, net bir şekilde çözülmesini talep ediyorum. Tarafıma satış sırasında verilen vaatlerin neden yerine getirilmediğinin araştırılmasını, 10.000 TL hediye çeki sözünün ve veri girişinin neden yapılmadığının açıklanmasını ve bugüne kadar yaşadığım mağduriyetin giderilmesini istiyorum. Özellikle Opsiyon ekibinden ve yetkili kişilerden şahsen aranarak detaylı bilgi verilmesini ve somut bir çözüm sunulmasını talep ediyorum. Aksi halde haklarımı korumak için ilgili tüm yasal ve idari mercilere başvuracağımı belirtmek isterim. Yaklaşık bir buçuk yıl önce Apsiyon opsiyon programını kullanmaya başladım. Başta verilerimin sistemde Apsiyon ekibi tarafından girileceği söylendi ancak aradan geçen zamana rağmen veriler hâlâ tam ve doğru şekilde girilmedi. Bu konuda defalarca talep oluşturmama rağmen, “size dönüş yapacağız” denilip hiçbir şekilde geri dönüş yapılmadı. Son bir haftadır yetkililerle defalarca görüşmeme rağmen sorunum hâlâ çözülemedi. Buna rağmen her ay düzenli olarak tarafıma fatura gönderiliyor ve ben hizmet alamadığım bu süreçte faturaları ödemeye devam ediyorum. Yaşam Güneşli sitesinde yönetici olarak hem kendi adıma hem de sitedeki 112 malik adına ciddi mağduriyet yaşıyorum. 112 malikin de bu yaşananlarla ilgili Şikayetvar üzerinden ayrı ayrı şikayet oluşturacağını özellikle belirtmek istiyorum. Telefon görüşmelerimde bazı çalışanların üst perdeden, umursamaz ve kaba bir üslupla “ne yaparsanız yapın” tarzında konuşmaları beni hayal kırıklığına uğrattı. Bugün yaklaşık 2 saat boyunca farklı farklı temsilcilerle görüştüm, her biri “ben çözeceğim” dedi ancak sonrasında aradığımda telefonlara çıkılmadı. Bana bugün için verilen randevuda da saat 17.00’ye kadar müsait olduğumu belirtmeme rağmen hiçbir geri dönüş yapılmadı ve yetkiliyle görüştüğümde de “yapacak bir şey yok” anlamına gelen tavırlar sergilendi. Bir buçuk yıldır süren bu mağduriyetimin acilen giderilmesini, sistemdeki verilerimin eksiksiz şekilde girilmesini ve bu süre boyunca hizmet alamadığım halde ödediğim fazla tutarların iade edilmesini talep ediyorum. Ayrıca bu süreçle ilgili olarak Apsiyon’un üst düzey bir yetkilisiyle bizzat görüşmek istiyorum.",,https://www.sikayetvar.com/apsiyon/apsiyon-opsiyon-programinda-soz-verilen-10-bin-tl-hediye-cek-ve-veri-girisi-gerceklestirilmiyor
apsiyonda-yanlis-aidat-borclari-goruntuleniyor-ve-hesabimin-kapatilmasini-talep-ediyorum,Apsiyon’da Yanlış Aidat Borçları Görüntüleniyor Ve Hesabımın Kapatılmasını Talep Ediyorum,Emre,https://www.sikayetvar.com/uye/emre-6047736,14 Ağustos 2026 17:09,192,Yayında,,"Yaklaşık 4 yıldan uzun süredir Dumlupınar Mahallesi Çeşme Sokak’ta, eski adıyla Kiptaş Torkam Sitesi, yeni adıyla Yeni F...ikirtepe Konutları 1 sitesinde ikamet ediyorum. Kira ödemelerimi ev sahibimin belirttiği hesaba, aidat ödemelerimi ise site yönetiminin bildirdiği hesap numaralarına düzenli olarak...","Yaklaşık 4 yıldan uzun süredir Dumlupınar Mahallesi Çeşme Sokak’ta, eski adıyla Kiptaş Torkam Sitesi, yeni adıyla Yeni Fikirtepe Konutları 1 sitesinde ikamet ediyorum. Kira ödemelerimi ev sahibimin belirttiği hesaba, aidat ödemelerimi ise site yönetiminin bildirdiği hesap numaralarına düzenli olarak yatırmaktayım. Kesin tarihini hatırlamamakla birlikte yaklaşık 2–3 yıl önce site yönetimi Apsiyon uygulamasına kayıt olmamızı istedi. Ancak bugüne kadar aidat da dahil hiçbir ödemem Apsiyon uygulaması üzerinden yapılmadı. Bir süre sonra site yönetimi, Apsiyon ile artık çalışmadığını ve bu uygulama ile ilişiğinin kalmadığını belirtti, ben de ödemelerimi sadece site yönetiminin verdiği hesap numaralarına yapmaya devam ettim. Buna rağmen Apsiyon uygulamasında her ay aidat borcum varmış gibi görünmekte ve ödemelerimi Apsiyon üzerinden yapmadığım için borcumun giderek arttığı gösterilmektedir. Oysa site yönetiminden, aidat borcumun olmadığına dair yazılı belge talep ettim ve aidatlarımı düzenli ödediğimi belgeleyebilecek durumdayım. Site yönetimi, Apsiyon ile artık çalışmadığını, bu nedenle kendi taraflarından yapabilecekleri bir şey olmadığını, bir ilerleme sağlayabilirsem kendilerini bilgilendirmemi söyledi. Apsiyon’un web sitesi üzerinden bu durumu düzeltmeye çalıştım ancak başarılı olamadım. Apsiyon’un, hesabımda görünen tüm hatalı aidat borçlarını tamamen silmesini, bu yanlış borç kayıtlarını sisteminden kaldırmasını ve site yönetimiyle artık çalışılmadığı için Apsiyon hesabımın/aboneliğimin kapatılmasını talep ediyorum.",,https://www.sikayetvar.com/apsiyon/apsiyonda-yanlis-aidat-borclari-goruntuleniyor-ve-hesabimin-kapatilmasini-talep-ediyorum
sms-dogrulama-kodu-gelmedigi-icin-hesaba-giris-yapamiyorum-2,SMS Doğrulama Kodu Gelmediği İçin Hesaba Giriş Yapamıyorum,Duygu,https://www.sikayetvar.com/uye/duygu-17507270,10 Ağustos 2026 12:17,120,Yayında,,Apsiyon mobil uygulamasına giriş yapabilmek için SMS ile doğrulama kodu almam gerekiyor ancak ne eski hesabımda numaramı... güncellemek istediğimde ne de yeni telefon numaramla yeni bir hesap açmaya çalışırken defalarca denememe rağmen telefonuma hiçbir şekilde kod gelmiyor. Bugün sabah yaklaşık 15–20 ...,"Apsiyon mobil uygulamasına giriş yapabilmek için SMS ile doğrulama kodu almam gerekiyor ancak ne eski hesabımda numaramı güncellemek istediğimde ne de yeni telefon numaramla yeni bir hesap açmaya çalışırken defalarca denememe rağmen telefonuma hiçbir şekilde kod gelmiyor. Bugün sabah yaklaşık 15–20 kez deneme yaptım, her seferinde “kod ulaşmadı mı” diyerek yeniden göndermeyi seçmeme rağmen telefonuma herhangi bir SMS düşmedi. Bu sorunla ilgili olarak çağrı merkezini de aradım fakat yalnızca farklı bir mail adresi ile denemem söylendi, onu da yapmama rağmen yine kod alamadım ve sorun çözülemedi. Hem eski hesabıma ulaşamıyor olmam hem de yeni numaramla yeni hesap açamıyor olmam nedeniyle uygulamayı hiç kullanamıyorum. Acil olarak ya doğrulama SMS’lerinin telefonuma ulaşmasının sağlanmasını ya da telefon numaramın sistemde güncellenerek hesabıma erişimimin açılmasını ve konu hakkında tarafıma bilgilendirme yapılmasını talep ediyorum.",,https://www.sikayetvar.com/apsiyon/sms-dogrulama-kodu-gelmedigi-icin-hesaba-giris-yapamiyorum-2
apsiyon-mobil-uygulamasinda-giris-engeli-ve-hesaba-erisememe-sorunu,Apsiyon Mobil Uygulamasında Giriş Engeli Ve Hesaba Erişememe Sorunu,Seydi,https://www.sikayetvar.com/uye/seydi-17487626,4 Ağustos 2026 14:57,129,Yayında,,Apsiyon mobil uygulamasına iki gündür giriş yapamıyorum. Uygulamaya girmeye çalıştığımda ekranda kırmızı çarpı işaretiyl...e birlikte “Çok sayıda deneme yaptınız. Lütfen daha sonra tekrar deneyiniz.” şeklinde bir hata mesajı çıkıyor ve giriş ekranını geçemiyorum. İki gündür bu uyarı ekranda kaldığı iç...,"Apsiyon mobil uygulamasına iki gündür giriş yapamıyorum. Uygulamaya girmeye çalıştığımda ekranda kırmızı çarpı işaretiyle birlikte “Çok sayıda deneme yaptınız. Lütfen daha sonra tekrar deneyiniz.” şeklinde bir hata mesajı çıkıyor ve giriş ekranını geçemiyorum. İki gündür bu uyarı ekranda kaldığı için hesabıma erişemiyor, Apsiyon üzerinden yapmam gereken işlemleri gerçekleştiremiyorum. Hesabımın engelinin kaldırılmasını, giriş deneme sınırımın sıfırlanmasını ve uygulamaya sorunsuz şekilde tekrar giriş yapabilmem için yardım talep ediyorum.",,https://www.sikayetvar.com/apsiyon/apsiyon-mobil-uygulamasinda-giris-engeli-ve-hesaba-erisememe-sorunu
yurt-disindan-apsiyona-erisim-engeli-ve-odeme-sorunu,Yurt Dışından Apsiyon'a Erişim Engeli Ve Ödeme Sorunu,Ezelsu,https://www.sikayetvar.com/uye/ezelsu-1611916,29 Temmuz 2026 10:30,175,Yayında,,Lüksemburg’da yaşıyorum ve yaklaşık 3–4 gündür Apsiyon’un hem web sitesine hem de mobil uygulamasına erişemiyorum. Sitey...e girmeye çalıştığımda sayfa hiç yüklenmiyor ve “ERR_Connection_timed_OUT” şeklinde hata alıyorum. Son yapılan güncelleme ile yurt dışından erişimin engellendiğini düşünüyorum. Ap...,"Lüksemburg’da yaşıyorum ve yaklaşık 3–4 gündür Apsiyon’un hem web sitesine hem de mobil uygulamasına erişemiyorum. Siteye girmeye çalıştığımda sayfa hiç yüklenmiyor ve “ERR_Connection_timed_OUT” şeklinde hata alıyorum. Son yapılan güncelleme ile yurt dışından erişimin engellendiğini düşünüyorum. Apsiyon üzerinden sitemin yönetimine her ay düzenli olarak ödeme yapıyorum. Bu ay sonunda yapılması gereken ödememi bu erişim sorunu nedeniyle gerçekleştiremiyorum ve ödeme gecikirse faize binecek olması beni ciddi anlamda mağdur ediyor. Türkiye’de bulunmadığım için başka bir alternatif kanaldan da kolayca işlem yapamıyorum. Sorunu Apsiyon’un web sitesindeki hata bildirme sayfası üzerinden iletmek istedim ancak bu sayfaya dahi erişemiyorum. Instagram üzerinden apsiyonteam hesabına mesaj gönderdim fakat şu ana kadar herhangi bir geri dönüş alamadım. Yurt dışından Apsiyon’a erişimin tekrar sağlanmasını, en azından ödeme gibi temel işlemleri gerçekleştirebileceğim bir çözüm üretilmesini ve bu teknik sorun nedeniyle gecikebilecek ödemeler için faiz uygulanmamasını talep ediyorum.",,https://www.sikayetvar.com/apsiyon/yurt-disindan-apsiyona-erisim-engeli-ve-odeme-sorunu
withdrawn-11,[Şikayet Yayından Kaldırıldı],Halil,https://www.sikayetvar.com/uye/halil-2927566,19 Temmuz 2026 03:27,43,Çözüldü (Yayından Kaldırıldı),5,Halil şikayetini yayından kaldırdı.,Halil şikayetini yayından kaldırdı.,,
apsiyon-firmasinin-pts-arizalari-ve-destek-eksikligi,Apsiyon Firmasının PTS Arızaları Ve Destek Eksikliği,Murat,https://www.sikayetvar.com/uye/murat-17410657,13 Temmuz 2026 15:00,196,Yayında,,"Esatpaşa Mah. Benna Panorama sitesinde Apsiyon firmasından kiraladığımız PTS yaklaşık 1 yıldır çeşitli defalar arıza ver...mektedir. Uyarılarımız dikkate alınmamıştır; otoparka girip çıkmakta zorluk yaşıyoruz. 15‑20 dakika beklediğimiz, hiç giremediğimiz zamanlar oldu. Yeni bir firmadan sistem satın al...","Esatpaşa Mah. Benna Panorama sitesinde Apsiyon firmasından kiraladığımız PTS yaklaşık 1 yıldır çeşitli defalar arıza vermektedir. Uyarılarımız dikkate alınmamıştır; otoparka girip çıkmakta zorluk yaşıyoruz. 15‑20 dakika beklediğimiz, hiç giremediğimiz zamanlar oldu. Yeni bir firmadan sistem satın aldık. Apsiyon firması gelip kameralarını günlerdir sökümünü yapmıyor, iletişim konusunda duyarsız ve kesinlikle yardımcı olmuyor.",,https://www.sikayetvar.com/apsiyon/apsiyon-firmasinin-pts-arizalari-ve-destek-eksikligi
apsiyonda-iptal-edilen-uyelik-icin-yetkisiz-fatura-kesilmesi,Apsiyon'da İptal Edilen Üyelik İçin Yetkisiz Fatura Kesilmesi,Burcu,https://www.sikayetvar.com/uye/burcu-14344936,1 Temmuz 2026 15:20,221,Yayında,,"Site yönetimi olarak uzun süredir kullandığımız Apsiyon sistemindeki üyeliğimizi 6 Ocak tarihinde telefon üzerinden aray...arak iptal ettik. Buna rağmen yaklaşık altı ay sonra, iptal ettiğimiz bu üyelik için tekrar fatura çıkarıldığını gördük ve bununla ilgili hiçbir makul açıklama yapılmadı. Apsiyon ...","Site yönetimi olarak uzun süredir kullandığımız Apsiyon sistemindeki üyeliğimizi 6 Ocak tarihinde telefon üzerinden arayarak iptal ettik. Buna rağmen yaklaşık altı ay sonra, iptal ettiğimiz bu üyelik için tekrar fatura çıkarıldığını gördük ve bununla ilgili hiçbir makul açıklama yapılmadı. Apsiyon yetkilileri, iptal ettiğimiz üyelik için fatura oluşturduklarını bildirip telefonu kapattılar ve şu anda kendilerine tekrar ulaşamıyoruz. Hem iptal edilmiş bir sözleşme için geriye dönük fatura kesilmesi hem de sonrasında muhatap bulamıyor olmamız nedeniyle kendimizi son derece mağdur ve aldatılmış hissediyoruz. İptal sonrası oluşturulan bu faturanın derhal iptal edilmesini, varsa bu üyelikle ilgili tüm kayıtların sonlandırılmasını ve tarafımıza yazılı, açık bir açıklama yapılmasını talep ediyoruz. Aksi halde site yönetimi olarak Apsiyon sistemi hakkında her türlü yasal hakkımızı kullanacağımızı ve dava açacağımızı özellikle belirtmek istiyoruz. Bu süreçte benzer mağduriyetlerin yaşanmaması için de gerekli incelemelerin yapılmasını ve sorumlular hakkında işlem başlatılmasını bekliyoruz.",,https://www.sikayetvar.com/apsiyon/apsiyonda-iptal-edilen-uyelik-icin-yetkisiz-fatura-kesilmesi
apsiyondan-satis-sonrasi-aciklamasiz-borc-talebi,Apsiyon'dan Satış Sonrası Açıklamasız Borç Talebi,Okan,https://www.sikayetvar.com/uye/okan-61412,23 Haziran 2026 13:53,315,Yayında,,"Apsiyon firması üzerinden Detay Bina Yönetimi’nden, yıllar önce sattığım bir daire için bugün itibarıyla SMS yoluyla 2.1...80,84 TL borç bakiyesi içeren bir ödeme talebi aldım. SMS’te sadece borç bakiyesi yazmakta, borcun hangi döneme veya hangi kalemlere ait olduğuna dair hiçbir açıklama bulunmamaktad...","Apsiyon firması üzerinden Detay Bina Yönetimi’nden, yıllar önce sattığım bir daire için bugün itibarıyla SMS yoluyla 2.180,84 TL borç bakiyesi içeren bir ödeme talebi aldım. SMS’te sadece borç bakiyesi yazmakta, borcun hangi döneme veya hangi kalemlere ait olduğuna dair hiçbir açıklama bulunmamaktadır. İlgili daire İstanbul Gold Tower sitesi, 11 numaralı blok, 13 numaralı dairedir. Söz konusu daireden 6 yıl önce taşındım ve dairenin tapu devrini 2020 yılında gerçekleştirerek evi tamamen sattım. Evi sattığım dönemde site yönetiminde böyle bir süreç, borç kapama akışı veya yazılı belge düzeni olmadığı için, o döneme dair ayrıca bir “borcu yoktur” yazısı ya da benzeri bir belge alamadım. Ancak tapu devrinden bu kadar süre geçtikten sonra, hakkında hiçbir bilgilendirme yapılmamış ve satış aşamasında da gündeme gelmemiş bir borcun bugün toplu şekilde ve gerekçesiz olarak tarafıma SMS ile iletilmesini kabul etmekte zorlanıyorum. Apsiyon veya Detay Bina Yönetimi’ne ait açık bir iletişim bilgisine ulaşamadığım için konuyla ilgili muhatap bulamıyor, doğrudan bilgi alamıyorum. Bu nedenle Şikayetvar üzerinden başvurmak zorunda kaldım. Bu kapsamda, Gold Tower 11/13 dairesi için tarafıma iletilen 2.180,84 TL borç bakiyesinin hangi dönemlere ve hangi aidat veya ek gider kalemlerine ait olduğunun detaylı ve yazılı şekilde açıklanmasını, tapu devri sonrasında söz konusu tutarın benden tahsil edilmesinin hukuki ve fiili gerekçesinin tarafıma net biçimde bildirilmesini ve satıştan sonraki döneme ait bir borç ise tamamen iptal edilmesini talep ediyorum. Konuyla ilgili olarak benimle iletişime geçilmesini ve sürecin yazılı olarak da tarafıma bildirilmesini istiyorum.",,https://www.sikayetvar.com/apsiyon/apsiyondan-satis-sonrasi-aciklamasiz-borc-talebi
apsiyondan-haksiz-borc-mesajlariyla-karsilasildi-ve-iptal-talep-edildi,Apsiyon'dan Haksız Borç Mesajlarıyla Karşılaşıldı Ve İptal Talep Edildi,Emrehan,https://www.sikayetvar.com/uye/emrehan-16403854,21 Haziran 2026 11:56,266,Yayında,,"Yaklaşık 1 yıl önce Ankara Yenimahalle Susuz Mahallesi Ende Yaşam Sitesi b-10’dan taşındım ve site yönetimiyle tüm borçl...arımı kapatarak ayrıldım. Buna rağmen Mayıs 2026’da 2,97 TL, Haziran 2026’da ise 3,01 TL borcunuz bulunmaktadır şeklinde, “gecikme tazminatı uygulanmaması için borcunuzu ödeyin” ib...","Yaklaşık 1 yıl önce Ankara Yenimahalle Susuz Mahallesi Ende Yaşam Sitesi b-10’dan taşındım ve site yönetimiyle tüm borçlarımı kapatarak ayrıldım. Buna rağmen Mayıs 2026’da 2,97 TL, Haziran 2026’da ise 3,01 TL borcunuz bulunmaktadır şeklinde, “gecikme tazminatı uygulanmaması için borcunuzu ödeyin” ibareli mesajlar almaya başladım. Ben ilgili siteden çıkarken tüm ödemelerimi yapmış ve borçsuz şekilde teslim etmiştim. Üstelik bu çok düşük tutarlı borç mesajlarının toplu olarak eski sakinlere gönderildiğini, bu yolla ufak ufak haksız kazanç elde edilmeye çalışıldığını düşünüyorum. Herhangi bir abonelik, daire numarası veya müşteri numarası da mesajda yer almamaktadır; sadece borç olduğu söylenmektedir. Bu süreçle ilgili olarak Tüketici Hakem Heyeti’ne de başvuru yaptığımı özellikle belirtmek isterim. Apsiyon’un, benim adıma görünen bu borçların derhal iptal edilmesini, bu konuda yazılı veya sistem üzerinden açık bir şekilde özür ve bilgilendirme yapılmasını ve benzer içerikte, haksız ve rahatsız edici toplu borç mesajlarının tarafıma tekrar gönderilmemesini talep ediyorum. Konunun incelenerek gerekli düzeltmelerin yapılmasını rica ederim. İletişim bilgilerim: e************@icloud.com 0507 361 22 23",,https://www.sikayetvar.com/apsiyon/apsiyondan-haksiz-borc-mesajlariyla-karsilasildi-ve-iptal-talep-edildi
site-yonetiminin-borcu-yoktur-belgesi-vermemesi-kredi-basvurumu-engelliyor,Site Yönetiminin Borcu Yoktur Belgesi Vermemesi Kredi Başvurumu Engelliyor,Hakan,https://www.sikayetvar.com/uye/hakan-2949040,8 Nisan 2026 10:17,783,Yayında,,"İstanbul Deliklikaya Kiptaş Evleri’nde Apsiyon üzerinden yönetilen sitede oturuyorum. Evim üzerinden konut kredisi kulla...nmak için bankanın talep ettiği, üzerinde ilgili tarih ibaresi de bulunan “borcu yoktur” yazısını site yönetiminden istedim. Bu ay için borcum olmasına rağmen son ödeme günü henüz ...","İstanbul Deliklikaya Kiptaş Evleri’nde Apsiyon üzerinden yönetilen sitede oturuyorum. Evim üzerinden konut kredisi kullanmak için bankanın talep ettiği, üzerinde ilgili tarih ibaresi de bulunan “borcu yoktur” yazısını site yönetiminden istedim. Bu ay için borcum olmasına rağmen son ödeme günü henüz gelmemiş olmasına karşın, tarafıma “borcu yoktur” yazısı verilmedi. Site yönetimiyle yüz yüze yaptığım görüşmede, gününün gelmemiş borçlarım için toplam borcun tamamını kapatmadan hiçbir şekilde “borcu yoktur” yazısı veremeyeceklerini söylediler. Yönetim, bunun tamamen Apsiyon uygulamasının çalışma şekliyle ilgili olduğunu, kendilerinin bu konuda yetkisinin olmadığını belirtti. Son ödeme tarihi gelmemiş bir borç, fiilen ödenmemiş olsa da vadesi dolmadığı için normalde icra, takip ya da benzeri bir olumsuzluk doğurmazken, Apsiyon sisteminin bu şekilde “borcu yoktur” yazısı vermemesi kredi sürecimi doğrudan olumsuz etkiliyor. Konut kredisi kullanabilmem için bankaya acilen bu belgenin iletilmesi gerekiyor. Son ödeme günü gelmemiş borçlarım varken de, en azından “…. Tarihine kadar vadesi gelmiş borcu yoktur” ifadesini içeren bir yazının tarafıma verilmesini, Apsiyon sisteminin buna imkan tanıyacak şekilde düzeltilmesini ve mağduriyetimin ivedilikle giderilmesini talep ediyorum. Aksi halde beni mağdur eden bu uygulama ve süreçle ilgili olarak kanuni yollara başvurmayı düşündüğümü de özellikle belirtmek isterim.",,https://www.sikayetvar.com/apsiyon/site-yonetiminin-borcu-yoktur-belgesi-vermemesi-kredi-basvurumu-engelliyor
incek-life-sitesinde-odeme-yapildi-borc-gorunumu-hala-guncellenmedi,İncek Life Sitesi’nde Ödeme Yapıldı Borç Görünümü Hâlâ Güncellenmedi!,Esen,https://www.sikayetvar.com/uye/esen-7495045,6 Mart 2026 12:17,714,Yayında,,Ankara İncek Life Sitesi’nde ikamet ediyorum. Apsiyon sistemi üzerinden görünen ısınma borcumu 3 Mart 2026 tarihinde ban...ka havalesi ile 2.564 TL olarak ödedim. Aradan 3 gün geçmesine rağmen Apsiyon sisteminde hâlâ borçlu olarak gözüküyorum. Ödememi zamanında yapmama rağmen borcun sistemden düşmemes...,"Ankara İncek Life Sitesi’nde ikamet ediyorum. Apsiyon sistemi üzerinden görünen ısınma borcumu 3 Mart 2026 tarihinde banka havalesi ile 2.564 TL olarak ödedim. Aradan 3 gün geçmesine rağmen Apsiyon sisteminde hâlâ borçlu olarak gözüküyorum. Ödememi zamanında yapmama rağmen borcun sistemden düşmemesi beni rahatsız ediyor ve ileride gecikme, faiz ya da icra gibi haksız bir süreçle karşılaşmaktan endişe ediyorum. Bu nedenle, 3 Mart 2026 tarihli 2.564 TL’lik ödememin kontrol edilerek en kısa sürede sisteme işlenmesini ve borç görünümümün düzeltilmesini talep ediyorum. Ayrıca bu tür karışıklıkların tekrar yaşanmaması için ödeme takibi ve sistem güncellemeleri konusunda daha dikkatli ve titiz bir çalışma yapılmasını istiyorum.",,https://www.sikayetvar.com/apsiyon/incek-life-sitesinde-odeme-yapildi-borc-gorunumu-hala-guncellenmedi
apsiyonda-aidat-odemelerinde-haksiz-hizmet-bedeli-kesintisi,Apsiyon’da Aidat Ödemelerinde Haksız Hizmet Bedeli Kesintisi,Muzaffer,https://www.sikayetvar.com/uye/muzaffer-16915978,4 Mart 2026 14:02,1.544,Yayında,,Arlıkent sitede kullandığımız Apsiyon uygulaması üzerinden yaptığım her aidat ödemesinde ayrıca hizmet bedeli kesintisi ...yapılıyor. Aidat dışında farklı kalemlerde yaptığım ödemelerde de aynı şekilde ekstra hizmet bedeli alınıyor ve bu durum her ay düzenli olarak devam ediyor. Apsiyon sisteminde num...,"Arlıkent sitede kullandığımız Apsiyon uygulaması üzerinden yaptığım her aidat ödemesinde ayrıca hizmet bedeli kesintisi yapılıyor. Aidat dışında farklı kalemlerde yaptığım ödemelerde de aynı şekilde ekstra hizmet bedeli alınıyor ve bu durum her ay düzenli olarak devam ediyor. Apsiyon sisteminde numaralı daire olarak kayıtlıyım. Aidatımı zaten düzenli olarak öderken bir de her işlemde ayrıca hizmet bedeli alınmasını haksız buluyorum. Bu kesintilerin neye göre ve hangi gerekçeyle yapıldığının açık ve şeffaf olmadığını düşünüyorum. Şimdiye kadar tarafımdan alınan tüm hizmet bedellerinin tek tek incelenmesini ve haksız olduğunu düşündüğüm bu kesintilerin tarafıma iade edilmesini talep ediyorum. Ayrıca bundan sonraki aidat ve diğer ödemelerimde hizmet bedeli adı altında ekstra bir kesinti yapılmamasını istiyorum. Arlıkent sitede Apsiyon uygulaması üzerinden yaptığım ödemelerde sürekli olarak “hizmet bedeli” adı altında kesinti yapılıyor. İlk olarak ekstra bir site borcu ödemesi yaptığımda 137 TL hizmet bedeli kesildi, daha sonra da normal aidat ödemelerinde de farklı kartlar kullansam bile her seferinde hizmet bedeli almaya devam ettiler. Bu durumun haksız olduğunu düşünüyorum ve yapılan hizmet bedeli kesintilerinin tamamının iadesini talep ediyorum. Apsiyon’un, site üzerinden yapılan ödemelerde kullanıcıdan bu şekilde ek ücret almamasını ve mağduriyetimin en kısa sürede giderilmesini istiyorum.",,https://www.sikayetvar.com/apsiyon/apsiyonda-aidat-odemelerinde-haksiz-hizmet-bedeli-kesintisi
aidat-odemesinde-haksiz-faiz-ve-asiri-hizmet-bedeli-iadesi-talebi,Aidat Ödemesinde Haksız Faiz Ve Aşırı Hizmet Bedeli İadesi Talebi,Selda,https://www.sikayetvar.com/uye/selda-520182,11 Şubat 2026 08:35,1.998,Yayında,,216 Butik Plus sitesinde ikamet ediyorum. Site aidatları için Apsiyon uygulaması üzerinden tahsilat yapılıyor ve aidatın... dışında 330 TL tutarında bir hizmet bedeli alınmakta. Bu tutarın zaten hizmet bedeli için oldukça yüksek olduğunu düşünüyorum. Ocak 2026 – Şubat 2026 dönemine ait aidat ödememde ...,"216 Butik Plus sitesinde ikamet ediyorum. Site aidatları için Apsiyon uygulaması üzerinden tahsilat yapılıyor ve aidatın dışında 330 TL tutarında bir hizmet bedeli alınmakta. Bu tutarın zaten hizmet bedeli için oldukça yüksek olduğunu düşünüyorum. Ocak 2026 – Şubat 2026 dönemine ait aidat ödememde kredi kartı bilgilerimi sisteme girmiş olmama rağmen kartımdan çekim yapılmadı. Ödeme karttan otomatik çekilmediği halde, sadece bir gecede aidata 7 TL, hizmet bedeline ise 1 TL faiz yansıtıldığını gördüm. Hem bu faiz uygulamasını hem de zaten yüksek olan hizmet bedelini kesinlikle kabul etmiyorum. Konu ile ilgili site yönetimiyle görüştüğümde, Apsiyon yerine Tuğnaz Yapı adlı firmaya yönlendirildim; ancak bu durum benim açımdan sorunun çözülmesini sağlamadı. Aidat ve hizmet bedeli ödemesi için sistemde kart bilgilerim kayıtlıyken işlem gerçekleşmeyip üzerine faiz işletilmesini haksız bir uygulama olarak görüyorum. Faiz olarak yansıtılan tutarların tamamen iptal edilmesini ve alınan 330 TL’lik hizmet bedelinin tarafıma iade edilmesini talep ediyorum. Bu konuda gerekli incelemenin yapılarak mağduriyetimin giderilmesini istiyorum. Apsiyon üzerinden site aidatımı kredi kartı ile ödüyorum. Yaklaşık 1 aydır sistem kredi kartımdan ödemeyi çekmediği gibi, hizmet bedeline de günlük faiz işletildiğini fark ettim. Hizmet bedeline bu şekilde faiz uygulanmasını yasal bulmuyorum ve kesinlikle kabul etmiyorum. Yaşanan bu süreçte Apsiyon’la iletişime geçmeme rağmen herhangi bir geri dönüş veya açıklama yapılmadı. Ne faizle ilgili bilgilendirme aldım ne de kredi kartımdan ödememin neden çekilmediğine dair bir açıklama yapıldı. Hizmet bedeline uygulanan faiz tutarının tamamının tarafıma iadesini talep ediyorum. Ayrıca site aidatımın da gecikmeye düşürülmeden, düzenli şekilde kredi kartımdan çekilmesini ve bu mağduriyetimin acilen giderilmesini istiyorum.",,https://www.sikayetvar.com/apsiyon/aidat-odemesinde-haksiz-faiz-ve-asiri-hizmet-bedeli-iadesi-talebi
apsiyon-bildirim-olmadan-yansitilan-geriye-donuk-aidat-zammi-ve-ek-butce-borclari-iptal-edilsin,Apsiyon Bildirim Olmadan Yansıtılan Geriye Dönük Aidat Zammı Ve Ek Bütçe Borçları İptal Edilsin!,Banu,https://www.sikayetvar.com/uye/banu-14839810,26 Ocak 2026 23:48,1.269,Yayında,,"E*** c*** sitesinde * blok ** numaralı dairenin malikiyim. Bugün tamamen tesadüfen Apsiyon adlı site ödeme sistemi üzeri...nden hesabımı kontrol ettiğimde, bana önceden hiçbir bildirim yapılmadan geriye dönük aidat zam farkı ve ek bütçe borcu çıkarıldığını gördüm. Toplamda 3.082,90 TL aidat zam farkı v...","E*** c*** sitesinde * blok ** numaralı dairenin malikiyim. Bugün tamamen tesadüfen Apsiyon adlı site ödeme sistemi üzerinden hesabımı kontrol ettiğimde, bana önceden hiçbir bildirim yapılmadan geriye dönük aidat zam farkı ve ek bütçe borcu çıkarıldığını gördüm. Toplamda 3.082,90 TL aidat zam farkı ve 1.392,42 TL ek bütçe borcu yansıtılmış ve bunların da kısa süre içinde ödenmesi gerektiği belirtilmiş durumda. Daha önce yapılan bir site toplantısında ek bütçe konuları oylamaya sunulmuş ve kabul edildiği söylenmişti, ancak sonrasında bu farklara ilişkin tarafıma hiçbir yazılı ya da elektronik tebligat yapılmadı, detaylı bir bilgilendirme de almadım. Geçmiş yıllarda da 2016, 2017, 2018 dönemlerine ait işletme hataları nedeniyle SSK, vergi ve ceza ödemeleri için ek bütçe toplanmış ve bunları da ödemek zorunda bırakılmıştık. Yine çatı, dış cephe boyası ve klimaların yerlerinin değiştirilmesi gibi kalemler için ödeme yaptık, ancak klima yerleri hiçbir zaman değiştirilmedi. Tüm bunlara rağmen bugün hâlâ kasada 3 milyon tl fazla para olduğu söylenirken, buna ek olarak keyfi harcama kalemleri oluşturulup tekrar ek bütçe talep edilmesi ve bu tutarların maliklere önceden açıkça tebliğ edilmeden borç olarak yansıtılması beni mağdur etmektedir. Bu süreçte soru sormakta ve itiraz etmekte zorlandığımız, yönetime eleştiri getiren maliklere karşı baskı ve mobbing uygulandığı bir ortam oluşmuştur. Tebliğ edilmeyen, gerekçesi ve kalemleri şeffaf biçimde açıklanmayan bu geriye dönük aidat zam farkı ve ek bütçe borçlarının iptal edilmesini talep ediyorum. Aidatlar ve ek bütçelerle ilgili tüm geçmiş dönem hesaplarının şeffaf şekilde incelenmesini ve maliklerin açık, yazılı ve zamanında bilgilendirilmesini istiyorum. Elysium Cool sitesinde d blok 17 numaralı dairenin malikiyim. Bugün tamamen tesadüfen Apsiyon adlı site ödeme sistemi üzerinden hesabımı kontrol ettiğimde, bana önceden hiçbir bildirim yapılmadan geriye dönük aidat zam farkı ve ek bütçe borcu çıkarıldığını gördüm. Toplamda 3.082,90 TL aidat zam farkı ve 1.392,42 TL ek bütçe borcu yansıtılmış ve bu tutarların da kısa süre içinde ödenmesi gerektiği belirtilmiştir. Daha önce yapılan bir site toplantısında ek bütçe konuları oylamaya sunulmuş ve kabul edildiği söylenmişti. Ancak sonrasında bu farklara ilişkin tarafıma hiçbir yazılı ya da elektronik tebligat yapılmadı, detaylı bir bilgilendirme de almadım. Geçmiş yıllarda da 2016, 2017, 2018 dönemlerine ait işletme hataları nedeniyle SSK, vergi ve ceza ödemeleri için ek bütçe toplanmış ve bunları da ödemek zorunda bırakılmıştık. Yine çatı, dış cephe boyası ve klimaların yerlerinin değiştirilmesi gibi kalemler için ödeme yaptık, ancak klima yerleri hiçbir zaman değiştirilmedi. Tüm bunlara rağmen bugün hâlâ kasada 3 milyon tl fazla para olduğu söylenirken, buna ek olarak keyfi harcama kalemleri oluşturulup tekrar ek bütçe talep edilmesi ve bu tutarların maliklere önceden açıkça tebliğ edilmeden borç olarak yansıtılması beni mağdur etmektedir. Bu süreçte soru sormakta ve itiraz etmekte zorlandığımız, yönetime eleştiri getiren maliklere karşı baskı ve mobbing uygulandığı bir ortam oluşmuştur. Tebliğ edilmeyen, gerekçesi ve kalemleri şeffaf biçimde açıklanmayan bu geriye dönük aidat zam farkı ve ek bütçe borçlarının iptal edilmesini talep ediyorum. Aidatlar ve ek bütçelerle ilgili tüm geçmiş dönem hesaplarının şeffaf şekilde incelenmesini ve maliklerin açık, yazılı ve zamanında bilgilendirilmesini istiyorum.",,https://www.sikayetvar.com/apsiyon/apsiyon-bildirim-olmadan-yansitilan-geriye-donuk-aidat-zammi-ve-ek-butce-borclari-iptal-edilsin
apsiyon-uygulamasinda-zorunlu-ucret-kesintileri-iade-talebi-ve-hesap-silme-sorunu,"Apsiyon Uygulamasında Zorunlu Ücret Kesintileri, İade Talebi Ve Hesap Silme Sorunu",Cansu,https://www.sikayetvar.com/uye/cansu-10519920,22 Ocak 2026 03:21,1.804,Yayında,1,Temmuz 2025’ten bu yana Apsiyon uygulaması üzerinden her ay “hizmet bedeli” adı altında ücret ödüyorum. Yaklaşık 7 aydır... toplamda 125 TL X 7 ay olacak şekilde ciddi bir tutar kesilmiş durumda. Bu hizmet karşılığında ne yapıldığını bilmiyorum ve bu bedelin neden alındığını da anlayabilmiş değilim. Üs...,"Temmuz 2025’ten bu yana Apsiyon uygulaması üzerinden her ay “hizmet bedeli” adı altında ücret ödüyorum. Yaklaşık 7 aydır toplamda 125 TL X 7 ay olacak şekilde ciddi bir tutar kesilmiş durumda. Bu hizmet karşılığında ne yapıldığını bilmiyorum ve bu bedelin neden alındığını da anlayabilmiş değilim. Üstelik bu uygulamayı kendi isteğimle kullanmıyorum, site yönetimi zorunlu tuttuğu için mecburen kullanıyorum. Ödediğim hizmet bedellerinin tamamının tarafıma iade edilmesini ve uğradığım bu maddi zararın karşılanmasını talep ediyorum. Ayrıca hesabımı kapatmak istediğimde de uygulama sürekli “fazla sayıda hatalı şifre girdiniz” hatası veriyor ve sabahtan beri hesabımı kapatıp uygulamayı silemiyorum. Hesabımı ve kişisel verilerimi kalıcı olarak silmek istiyorum. Kayıtlı cep telefonu numaram 0532*****33 olup, gereksiz yere alınan hizmet bedellerinin iadesini ve hesabımın sorunsuz şekilde kapatılmasını rica ediyorum.",,https://www.sikayetvar.com/apsiyon/apsiyon-uygulamasinda-zorunlu-ucret-kesintileri-iade-talebi-ve-hesap-silme-sorunu
withdrawn-22,[Şikayet Yayından Kaldırıldı],Eyüp,https://www.sikayetvar.com/uye/eyup-12318881,14 Ocak 2026 01:22,1.552,Yayında,,Comfortline sitesinde kat maliki olarak Apsiyon sistemine yeni üye oldum ve ödeme aşamasına geldiğimde talep edilen Apsi...yon hizmet bedeli ve işlem ücretinin oldukça yüksek olduğunu gördüm. Daha sisteme tam anlamıyla başlamadan bu kadar yüksek bir maliyetle karşılaşmak beni rahatsız etti. Özellikle ...,Comfortline sitesinde kat maliki olarak Apsiyon sistemine yeni üye oldum ve ödeme aşamasına geldiğimde talep edilen Apsi...yon hizmet bedeli ve işlem ücretinin oldukça yüksek olduğunu gördüm. Daha sisteme tam anlamıyla başlamadan bu kadar yüksek bir maliyetle karşılaşmak beni rahatsız etti. Özellikle ...,,
withdrawn-23,[Şikayet Yayından Kaldırıldı],Gül,https://www.sikayetvar.com/uye/gul-10509588,10 Ocak 2026 23:23,106,Çözüldü (Yayından Kaldırıldı),4,Gül şikayetini yayından kaldırdı.,Gül şikayetini yayından kaldırdı.,,
withdrawn-24,[Şikayet Yayından Kaldırıldı],Mücahit,https://www.sikayetvar.com/uye/mucahit-9787374,8 Ocak 2026 00:39,910,Yayında,,31 Aralık 2025'den bu yana Apsiyon yazılım ile Şekerbank arasındaki entegrasyon nedeniyle site aidatlarımız programa yan...sımamaktadır. Bu nedenle tahsilatlar doğru şekilde görünmüyor ve site yönetimi olarak ciddi anlamda iş yükü ve takip sorunu yaşıyoruz. Konu ile ilgili Apsiyon tarafıyla görüştüğüm...,31 Aralık 2025'den bu yana Apsiyon yazılım ile Şekerbank arasındaki entegrasyon nedeniyle site aidatlarımız programa yan...sımamaktadır. Bu nedenle tahsilatlar doğru şekilde görünmüyor ve site yönetimi olarak ciddi anlamda iş yükü ve takip sorunu yaşıyoruz. Konu ile ilgili Apsiyon tarafıyla görüştüğüm...,,
apsiyon-ve-yapi-kredi-taahhudune-uyulmadi-haksiz-fatura-ve-cayma-bedeli-magduriyeti,"Apsiyon Ve Yapı Kredi Taahhüdüne Uyulmadı, Haksız Fatura Ve Cayma Bedeli Mağduriyeti",Kerem,https://www.sikayetvar.com/uye/kerem-6378175,16 Aralık 2025 08:06,1.118,Yayında,2,"Bursa İnegöl’de bulunan Flora Vista sitesinin yöneticisiyim. Site işlerini daha düzenli takip edebilmek için Apsiyon uyg...ulamasını kullanmaya karar verip firma yetkilileriyle görüştüm. Görüşmeler sırasında Apsiyon ile Yapı Kredi Bankası’nın entegre çalıştığı, bankanın 1–2 yıllığına Apsiyon’dan tarafı...","Bursa İnegöl’de bulunan Flora Vista sitesinin yöneticisiyim. Site işlerini daha düzenli takip edebilmek için Apsiyon uygulamasını kullanmaya karar verip firma yetkilileriyle görüştüm. Görüşmeler sırasında Apsiyon ile Yapı Kredi Bankası’nın entegre çalıştığı, bankanın 1–2 yıllığına Apsiyon’dan tarafımıza kesilecek olan ücreti ödeme taahhüdü olduğu açıkça söylendi. İlk 1–2 ay boyunca bize fatura çıkabileceği, sonrasında bu ödemeleri bankanın üstleneceği özellikle ifade edildi. Ancak buna rağmen 6 aydır sürekli tarafımıza fatura kesiliyor. Ne banka ne de Apsiyon çalışanları bu durumu önemseyip çözmek için herhangi bir adım atmadı. Defalarca Apsiyon’la iletişime geçtim, defalarca Yapı Kredi şubesine gittim fakat hiçbir somut çözüm üretilmedi. 80 haneli bir siteyi adeta yok sayan, ciddiye almayan bir yaklaşımla karşı karşıya kaldık. Bu süreçte uygulamayı feshetmek istediğimde ise bir de sözleşmenin feshi gerekçesiyle cayma bedeli çıkarıldı. Hem başta verilen taahhütlere uyulmaması hem de üstüne ceza talep edilmesi kabul edilebilir bir durum değildir. Ceza ödemeden sözleşmemizin derhal feshedilmesini ve kullanmadığımız süre boyunca tarafımıza haksız yere kesilen faturaların iptal edilerek mağduriyetimizin giderilmesini talep ediyorum.",,https://www.sikayetvar.com/apsiyon/apsiyon-ve-yapi-kredi-taahhudune-uyulmadi-haksiz-fatura-ve-cayma-bedeli-magduriyeti
apsiyon-uygulamasina-giris-yapamiyorum-hesabim-aktif-edilmiyor,"Apsiyon Uygulamasına Giriş Yapamıyorum, Hesabım Aktif Edilmiyor",Ümit,https://www.sikayetvar.com/uye/umit-16548195,6 Aralık 2025 08:54,1.210,Yayında,,Apsiyon mobil uygulamasını telefonuma yeni indirdim ancak ilk günden beri hiçbir şekilde giriş yapamıyorum. Çok sayıda d...eneme yaptığım için uyarı veriyor ve mail adresi ile şifremi girdiğimde de “hatalı” olduğu yönünde uyarı çıkıyor. Bu nedenle uygulamayı hiç kullanamadım. Şu ana kadar ne Apsiyon m...,"Apsiyon mobil uygulamasını telefonuma yeni indirdim ancak ilk günden beri hiçbir şekilde giriş yapamıyorum. Çok sayıda deneme yaptığım için uyarı veriyor ve mail adresi ile şifremi girdiğimde de “hatalı” olduğu yönünde uyarı çıkıyor. Bu nedenle uygulamayı hiç kullanamadım. Şu ana kadar ne Apsiyon müşteri hizmetleriyle ne de site/apartman yönetimiyle bu konuyla ilgili görüşme yapmadım. Hesabımın bir an önce aktif edilmesini, giriş sorunumun acilen çözülmesini ve uygulamayı sorunsuz şekilde kullanmak için gerekli desteğin sağlanmasını istiyorum. Apsiyon mobil uygulamasını telefonuma yeni indirdim ancak ilk günden beri hiçbir şekilde giriş yapamıyorum. Çok sayıda deneme yaptığım için uyarı veriyor ve mail adresi ile şifremi girdiğimde de “hatalı” olduğu yönünde uyarı çıkıyor. Bu nedenle uygulamayı hiç kullanamadım. Şu ana kadar ne Apsiyon müşteri hizmetleriyle ne de site/apartman yönetimiyle bu konuyla ilgili görüşme yapmadım. Hesabımın bir an önce aktif edilmesini, giriş sorunumun acilen çözülmesini ve uygulamayı sorunsuz şekilde kullanmak için gerekli desteğin sağlanmasını istiyorum.",,https://www.sikayetvar.com/apsiyon/apsiyon-uygulamasina-giris-yapamiyorum-hesabim-aktif-edilmiyor
apsiyon-hizmet-bedelinde-seffaflik-ve-adalet-eksikligi,Apsiyon Hizmet Bedelinde Şeffaflık Ve Adalet Eksikliği,Mustafa,https://www.sikayetvar.com/uye/mustafa-4287800,1 Aralık 2025 13:53,1.927,Yayında,,"İstanbul Sarıyer’de bulunduğum sitede yaklaşık 1 yıldır Apsiyon sistemi kullanılıyor ve bu süre içinde “hizmet bedeli” a...dı altında alınan tutarların hem yüksek olması hem de değişkenlik göstermesi beni ciddi şekilde rahatsız ediyor. Aylık olarak ekstra bir hizmet almamama rağmen, bu kadar yüksek ve...","İstanbul Sarıyer’de bulunduğum sitede yaklaşık 1 yıldır Apsiyon sistemi kullanılıyor ve bu süre içinde “hizmet bedeli” adı altında alınan tutarların hem yüksek olması hem de değişkenlik göstermesi beni ciddi şekilde rahatsız ediyor. Aylık olarak ekstra bir hizmet almamama rağmen, bu kadar yüksek ve değişken bir hizmet bedeli talep edilmesini adil bulmuyorum. Hizmet bedelinin neye göre belirlendiği konusunda şeffaf ve anlaşılır bir bilgilendirme yapılmıyor; net ve öngörülebilir bir ücretlendirme göremiyorum. Sabit ve net bir hizmet bedeli belirlenmesini ve bu ücretin makul, daha düşük bir seviyeye çekilmesini talep ediyorum. Ekstra bir hizmet sunulmadığı halde bu derece yüksek rakamlar ödemek istemiyorum. Apsiyon’dan, hizmet bedeli politikasını gözden geçirerek şeffaf, sabit ve kullanıcıyı mağdur etmeyecek makul bir tarife belirlemesini ve bu konuda gerekli düzenlemenin yapılmasını rica ediyorum.",,https://www.sikayetvar.com/apsiyon/apsiyon-hizmet-bedelinde-seffaflik-ve-adalet-eksikligi
aidat-odemesinde-yuksek-hizmet-bedeli-ve-orantisiz-komisyon,Aidat Ödemesinde Yüksek Hizmet Bedeli Ve Orantısız Komisyon,Oğuz,https://www.sikayetvar.com/uye/oguz-4739229,10 Kasım 2025 12:18,2.709,Yayında,1,"Apsiyon üzerinden aidat ödemesi yaparken kredi kartı ile 156 TL gibi yüksek bir hizmet bedeli alındı. Hizmet bedelinin b...u kadar yüksek olmasını kesinlikle kabul etmiyorum, neyin hizmeti bu? Yazılım yazdılar diye her ay yüzde 5 niye veriyoruz? Muz cumhuriyeti resmen, herkes kendi kafasına göre fiyat ...","Apsiyon üzerinden aidat ödemesi yaparken kredi kartı ile 156 TL gibi yüksek bir hizmet bedeli alındı. Hizmet bedelinin bu kadar yüksek olmasını kesinlikle kabul etmiyorum, neyin hizmeti bu? Yazılım yazdılar diye her ay yüzde 5 niye veriyoruz? Muz cumhuriyeti resmen, herkes kendi kafasına göre fiyat belirliyor. Site yönetimi bu uygulamaya geçtiyse yıllık ödemesi aidatlarımızın üzerinden yapılsın. Banka para gönderme hizmetleri bile ücretsizken, her gün 3-4 film izlediğim platformlar bile 150 lira almıyorken siz nasıl bu kadar yüksek komisyon alabilirsiniz? Biz kişisel olarak, her ay aidat bedelinin %5'ini başka hiçbir hizmet vermeyen basit bir uygulamaya neden ekstradan ödüyoruz? Bu konuda bir düzenleme yapılmasını talep ediyorum. Hizmet bedelinin makul bir seviyeye çekilmesini istiyorum. Yoksa Tüketici Heyeti + CİMER tüm opsiyonları değerlendirip hakkımı arayacağım.",,https://www.sikayetvar.com/apsiyon/aidat-odemesinde-yuksek-hizmet-bedeli-ve-orantisiz-komisyon
withdrawn-29,[Şikayet Yayından Kaldırıldı],Hacer,https://www.sikayetvar.com/uye/hacer-16430488,9 Kasım 2025 19:30,77,Çözüldü (Yayından Kaldırıldı),5,Hacer şikayetini yayından kaldırdı.,Hacer şikayetini yayından kaldırdı.,,
aidat-odemesine-sonradan-eklenen-hizmet-bedeline-itiraz,Aidat Ödemesine Sonradan Eklenen Hizmet Bedeline İtiraz,Levent,https://www.sikayetvar.com/uye/levent-8283927,30 Ekim 2025 23:17,3.084,Yayında,,"Hadımköy Kiptaş 3. Etap Konutları a20/35 daire sakiniyim. 30 Ekim Perşembe günü Apsiyon mobil uygulaması üzerinden aidat... ödemesi yapmak istediğimde, ödeme ekranında 102,64 TL tutarında “hizmet bedeli” adı altında ek bir ücret yansıtıldığını gördüm. Daha önce böyle bir uygulama bulunmuyordu ve bu bed...","Hadımköy Kiptaş 3. Etap Konutları a20/35 daire sakiniyim. 30 Ekim Perşembe günü Apsiyon mobil uygulaması üzerinden aidat ödemesi yapmak istediğimde, ödeme ekranında 102,64 TL tutarında “hizmet bedeli” adı altında ek bir ücret yansıtıldığını gördüm. Daha önce böyle bir uygulama bulunmuyordu ve bu bedelin alınmasını doğru bulmuyorum; zaten düzenli olarak aidat ödemelerimi yapıyorum. Henüz ödemeyi gerçekleştirmedim ve bu ek ücretin alınmasına itiraz ediyorum. Aidat dışında ek bir hizmet bedeli talep edilmesinin gerekçesinin açıklanmasını ve bu uygulamanın kaldırılmasını talep ediyorum. Levent Ş**** a20/35 Daire Sakini",,https://www.sikayetvar.com/apsiyon/aidat-odemesine-sonradan-eklenen-hizmet-bedeline-itiraz
odeme-yapmama-ragmen-borc-ve-faiz-silinmiyor,Ödeme Yapmama Rağmen Borç Ve Faiz Silinmiyor,Selvi,https://www.sikayetvar.com/uye/selvi-11547545,30 Ekim 2025 00:51,1.529,Yayında,,"Apsiyon Konut Site uygulamasını kullandığım Miakoru sitesinde, yaklaşık 1 aydır ödediğim halde sistemde hâlâ borç ve fai...z işletiliyor. Ödememi banka EFT’si ile gerçekleştirdim ve tüm dekont ile işlem bilgilerim mevcut. Buna rağmen, borcumun ve faizinin silinmediğini görmekteyim. Bu sorunla ilgili h...","Apsiyon Konut Site uygulamasını kullandığım Miakoru sitesinde, yaklaşık 1 aydır ödediğim halde sistemde hâlâ borç ve faiz işletiliyor. Ödememi banka EFT’si ile gerçekleştirdim ve tüm dekont ile işlem bilgilerim mevcut. Buna rağmen, borcumun ve faizinin silinmediğini görmekteyim. Bu sorunla ilgili hem Apsiyon müşteri hizmetleriyle hem de site yönetimiyle görüştüm; ancak herhangi bir çözüm sunulmadı ve problemim devam ediyor. Borç ve faizimin sistemden silinmesini, ödemenin hesabıma doğru şekilde yansıtılmasını talep ediyorum.",,https://www.sikayetvar.com/apsiyon/odeme-yapmama-ragmen-borc-ve-faiz-silinmiyor
apsiyon-akademi-egitim-dokumanlarina-erisemiyor-sinava-hazirlanamiyorum,Apsiyon Akademi Eğitim Dokümanlarına Erişemiyor Sınava Hazırlanamıyorum,Esra,https://www.sikayetvar.com/uye/esra-9277674,9 Ekim 2025 15:13,1.651,Yayında,,"Apsiyon Akademi üzerinden aldığım site yönetimi eğitimiyle ilgili ciddi sorunlar yaşıyorum. Android bilgisayar ve telefo...n üzerinden giriş yapıyorum ancak yaklaşık bir haftadır tüm dokümanlar açılmıyor, uygulama düzgün çalışmıyor ve sınavı her denememde başa alıyor. Bu sorunlar nedeniyle eğitim içeri...","Apsiyon Akademi üzerinden aldığım site yönetimi eğitimiyle ilgili ciddi sorunlar yaşıyorum. Android bilgisayar ve telefon üzerinden giriş yapıyorum ancak yaklaşık bir haftadır tüm dokümanlar açılmıyor, uygulama düzgün çalışmıyor ve sınavı her denememde başa alıyor. Bu sorunlar nedeniyle eğitim içeriklerine ulaşamıyor, sınava düzgün şekilde hazırlanamıyorum. Müşteri hizmetlerine ulaşmayı defalarca denedim fakat hiçbir şekilde yanıt alamadım. Eğitim için yaklaşık 3.500 TL ödeme yaptım ve 12 Ekim’de sınavım var. Yaşadığım teknik aksaklıklar nedeniyle sınav dokümanlarına ve notlarına erişemediğim için sınava hazırlanmam tamamen engelleniyor. Acil olarak sınav doküman ve notlarına erişimimin sağlanmasını ve sınavı sorunsuz şekilde tamamlayabilmem için gerekli desteğin verilmesini talep ediyorum.",,https://www.sikayetvar.com/apsiyon/apsiyon-akademi-egitim-dokumanlarina-erisemiyor-sinava-hazirlanamiyorum
apsiyon-tarafindan-site-yonetimi-hesaplarinin-haksiz-sekilde-kapatilmasi-ve-magduriyet,Apsiyon Tarafından Site Yönetimi Hesaplarının Haksız Şekilde Kapatılması Ve Mağduriyet,Mutlu,https://www.sikayetvar.com/uye/mutlu-16250056,23 Eylül 2025 18:01,1.664,Yayında,1,"Adana ili Sarıçam ilçesinde bulunan bir site maliki olarak, sitemizde Ocak 2025’te yapılan olağan seçim sonucunda mevcut... yönetim olarak göreve başladık ve Apsiyon ile sözleşme imzalayarak çalışmaya başladık. Ancak birkaç malik tarafından yasal olmayan yollarla olağanüstü seçim yapılmak istenmiş ve 2...","Adana ili Sarıçam ilçesinde bulunan bir site maliki olarak, sitemizde Ocak 2025’te yapılan olağan seçim sonucunda mevcut yönetim olarak göreve başladık ve Apsiyon ile sözleşme imzalayarak çalışmaya başladık. Ancak birkaç malik tarafından yasal olmayan yollarla olağanüstü seçim yapılmak istenmiş ve 2025 Mayıs ayında sözde bir seçim yapıldığı iddiasıyla Apsiyon yönetimine başvurularak site hesaplarının yetkileri talep edilmiştir. Apsiyon yönetimi, yeni tarihli belgeleri doğru kabul ederek yaklaşık 3 aydır hesaplarımızı kullanıma kapatmıştır. Bu süreçte mevcut yönetim olarak usulsüzlüklerle ilgili dava açılmış ve mahkemeden alınan belgeler de Apsiyon ile paylaşılmıştır. Sunulan delillere ve Yargıtay kararlarına rağmen uyarılarımız dikkate alınmamış ve hesaplarımız hâlâ açılmamıştır. Ayrıca, Apsiyon’un hukuk departmanı olmasına rağmen keyfi bir şekilde hesaplarımız kapalı tutulmaktadır. Sistemin kapalı olması nedeniyle maliklerin ödemeleri, borç durumları, doğalgaz faturalandırmaları ve duyurular ciddi şekilde aksamakta, mağduriyet yaşanmaktadır. Apsiyon’un kendi internet sitesinde belirttiği hizmet anlayışına ve Yargıtay kararlarına aykırı şekilde hareket ettiğini düşünüyoruz. Bu nedenle, hesaplarımızın ivedi olarak Ocak 2025’te yapılan olağan seçimle seçilen mevcut yönetime açılmasını talep ediyor, aksi halde yasal haklarımızı arayacağımızı ve dava açacağımızı belirtmek istiyoruz.",,https://www.sikayetvar.com/apsiyon/apsiyon-tarafindan-site-yonetimi-hesaplarinin-haksiz-sekilde-kapatilmasi-ve-magduriyet
apsiyon-hatali-faturalandirma-sorunu,Apsiyon Hatalı Faturalandırma Sorunu!,Burhan,https://www.sikayetvar.com/uye/burhan-16244308,22 Eylül 2025 13:24,2.322,Yayında,,"K*** P*** 3** sitesi sakini olarak, Apsiyon aidat ödeme uygulamasında ciddi bir sorun yaşamaktayız. Ocak 2025’te seçilen... mevcut yönetimimize alternatif olarak asılsız ve usulsüz bir genel kurul düzenlenmiş, ilgili belgeler Apsiyon firmasına iletilmiştir. Apsiyon ise yalnızca en son gelen karar defte...","K*** P*** 3** sitesi sakini olarak, Apsiyon aidat ödeme uygulamasında ciddi bir sorun yaşamaktayız. Ocak 2025’te seçilen mevcut yönetimimize alternatif olarak asılsız ve usulsüz bir genel kurul düzenlenmiş, ilgili belgeler Apsiyon firmasına iletilmiştir. Apsiyon ise yalnızca en son gelen karar defterine bakarak sistemi önce bu asılsız yönetici grubuna açmış, ardından mevcut yönetimin itirazları üzerine her iki tarafa da sistemi kapatmıştır. Ancak, hizmet verilmediği halde son iki ayın faturasını kesmeye devam etmektedir. Mevcut yönetimin yaptığı tüm itirazlara rağmen, Apsiyon’un hukuk birimi durumu detaylıca incelememiş ve sistemin yalnızca karar defteri sunan kişilere açılması, ileride benzer şekilde asılsız genel kurullarla başka sitelerde de mağduriyet yaşanmasına yol açabilecek bir uygulama olmuştur. Bu durum, site sakinleri olarak bizleri ciddi şekilde mağdur etmektedir. Talebimiz; son iki aylık hizmet faturalarının iptal edilmesi ve Ocak 2025’te seçilen, halen görevde olan mevcut yönetimimize sistemin yeniden açılmasıdır. Apsiyon ile sözleşmemiz devam etmektedir ve bu mağduriyetimizin bir an önce giderilmesini istiyoruz.",,https://www.sikayetvar.com/apsiyon/apsiyon-hatali-faturalandirma-sorunu
hizmet-alinmadan-fatura-kesilmesine-ve-ilgisizlige-tepki,Hizmet Alınmadan Fatura Kesilmesine Ve İlgisizliğe Tepki,Muhammed,https://www.sikayetvar.com/uye/muhammed-16242250,21 Eylül 2025 20:13,976,Yayında,1,Sitemizi cezalandırdı. Haksız yere kazanç sağlıyor. Hizmet vermemesine rağmen fatura kesmeye devam ediyor. Mağduriyetimi...z ortada bunun çözümü için gayret sarf eden hiçbir yetkili yok. Bir an önce sorun çözülmeli. Aksi takdirde dava açacağım. Temennim en kısa zamanda neticeye ulaşmak,Sitemizi cezalandırdı. Haksız yere kazanç sağlıyor. Hizmet vermemesine rağmen fatura kesmeye devam ediyor. Mağduriyetimiz ortada bunun çözümü için gayret sarf eden hiçbir yetkili yok. Bir an önce sorun çözülmeli. Aksi takdirde dava açacağım. Temennim en kısa zamanda neticeye ulaşmak,,https://www.sikayetvar.com/apsiyon/hizmet-alinmadan-fatura-kesilmesine-ve-ilgisizlige-tepki
ucretini-odedigimiz-plaka-tanima-sistemi-3-aydir-calismiyor,Ücretini Ödediğimiz Plaka Tanıma Sistemi 3 Aydır Çalışmıyor!,Hakan,https://www.sikayetvar.com/uye/hakan-16105712,19 Ağustos 2025 22:39,1.990,Yayında,1,Adana' da bir sitede yaşıyorum. Yönetim tarafından alınan apsiyon programı keyfi uygulamalar yapmaktadır. Yönetim tarafı...ndan apsiyon firmasının bütün ödemeleri zamanında yapılmasına rağmen 3 aydır sitemizde plaka tanıma sistemi çalışmamaktadır. Sisteme basit bir güncelleme yapmayıp siteyi mağdur etm...,"Adana' da bir sitede yaşıyorum. Yönetim tarafından alınan apsiyon programı keyfi uygulamalar yapmaktadır. Yönetim tarafından apsiyon firmasının bütün ödemeleri zamanında yapılmasına rağmen 3 aydır sitemizde plaka tanıma sistemi çalışmamaktadır. Sisteme basit bir güncelleme yapmayıp siteyi mağdur etmektedirler. Para ödeyip hizmet alamıyoruz. Apsiyon'un Adana Kuzeytepe Panorama sitesinde sunduğu hizmetlerle ilgili ciddi mağduriyet yaşıyoruz. Yaklaşık 4 aydır plaka okuma sistemi hiç çalışmıyor ve son 2 aydır diğer tüm hizmetler de tamamen durdu. Bu durumu daha önce de Şikayetvar üzerinden ilettim, ancak bana sorunun site yönetimine ait olduğu şeklinde yetersiz ve ilgisiz bir cevap verildi. Apsiyon, aylardır hiçbir hizmet sunmamasına rağmen hâlâ fatura kesmeye devam ediyor ve site sakinlerini mağdur ederek haksız kazanç sağlıyor. Defalarca iletişim kurmaya çalışmamıza rağmen müşteri hizmetlerinden de hiçbir şekilde geri dönüş alamadık. Bir an önce ya hizmetlerin eksiksiz olarak yeniden sunulmasını ya da sözleşmemizin tek taraflı ve bedelsiz olarak feshedilmesini talep ediyorum. Aksi takdirde yasal yollara başvuracağımı belirtmek isterim.",,https://www.sikayetvar.com/apsiyon/ucretini-odedigimiz-plaka-tanima-sistemi-3-aydir-calismiyor
aidat-odemesinde-yuksek-ve-aciklamasiz-islem-ucreti-alinmasi,Aidat Ödemesinde Yüksek Ve Açıklamasız İşlem Ücreti Alınması,Eda,https://www.sikayetvar.com/uye/eda-17457997,1 Ağustos 2025 17:57,2.603,Yayında,1,"Apsiyon üzerinden Suryapı Adapark sitesine bugün ilk kez aidat ödemesi yapmak istedim. Ancak aidat ödemesi sırasında, kr...edi kartı ile ödeme seçtiğimde işlemin üzerine 227,39 TL tutarında ekstra bir işlem ücreti eklendi. Sistem, bu ücrete sadece “işlem ücreti” olarak yer vermiş; detaylı bir açıklama...","Apsiyon üzerinden Suryapı Adapark sitesine bugün ilk kez aidat ödemesi yapmak istedim. Ancak aidat ödemesi sırasında, kredi kartı ile ödeme seçtiğimde işlemin üzerine 227,39 TL tutarında ekstra bir işlem ücreti eklendi. Sistem, bu ücrete sadece “işlem ücreti” olarak yer vermiş; detaylı bir açıklama sunulmadı. Benim gibi pek çok kişi bu durumda mağduriyet yaşamış görünüyor ve uygulamanın bu şekilde ek masraf çıkarmasından rahatsızım. Ekstra işlem ücretinin kaldırılmasını, ödemenin aidat dışında herhangi bir fazladan masraf olmadan gerçekleşmesini talep ediyorum. İlla bir tutar alınacaksa da bu kadar fahiş fiyat alınmamalı bence",,https://www.sikayetvar.com/apsiyon/aidat-odemesinde-yuksek-ve-aciklamasiz-islem-ucreti-alinmasi
withdrawn-38,[Şikayet Yayından Kaldırıldı],Muzaffer,https://www.sikayetvar.com/uye/muzaffer-8152608,21 Temmuz 2025 16:17,1.880,Yayında,,"City 224 site, 23 Nisan Mahallesi 258. Sokak Nülifer Bursa da kirada bir dairem var. Site yönetimi ödemelerin tahsisi ...için https://www.apsiyon.com web sitesi ile anlaşmış. Üye oldum. Site yöneticisinden onay bekliyorlar. Apsiyon Web sitesinde 13.900 TL civarında bir ödeme görülüyordu. Bu rakam şu ...","City 224 site, 23 Nisan Mahallesi 258. Sokak Nülifer Bursa da kirada bir dairem var. Site yönetimi ödemelerin tahsisi ...için https://www.apsiyon.com web sitesi ile anlaşmış. Üye oldum. Site yöneticisinden onay bekliyorlar. Apsiyon Web sitesinde 13.900 TL civarında bir ödeme görülüyordu. Bu rakam şu ...",,
withdrawn-39,[Şikayet Yayından Kaldırıldı],Sefa,https://www.sikayetvar.com/uye/sefa-8379277,27 Haziran 2025 17:56,1.537,Yayında,,Apsiyon Firması şahsi menfaatleri doğrultusunda çalışan hizmeti aksayan bir firma. Çalışanları kesinlikle ilgilenmiyor. ...Sitemizin hesabı kitabı karışık.,Apsiyon Firması şahsi menfaatleri doğrultusunda çalışan hizmeti aksayan bir firma. Çalışanları kesinlikle ilgilenmiyor. ...Sitemizin hesabı kitabı karışık.,,
withdrawn-40,[Şikayet Yayından Kaldırıldı],Serkan,https://www.sikayetvar.com/uye/serkan-6447860,25 Haziran 2025 12:07,1.606,Yayında,1,01.05.2025 tarihinde Apsiyon Bilişim Sistemleri'nden sitemizin kontrolü için abonelik aldık. Görüşme sırasında hiçbir aç...ıklama yapılmadan ve 1 yıl sonra bu fiyat olacağı belirtilmeden 24 ay sözleşme imzaladık. 1 yıl dolduğunda ise fiyatlara TEFE-TÜFE oranında zam yapıldığı bildirildi. Sözleşme gereğ...,01.05.2025 tarihinde Apsiyon Bilişim Sistemleri'nden sitemizin kontrolü için abonelik aldık. Görüşme sırasında hiçbir aç...ıklama yapılmadan ve 1 yıl sonra bu fiyat olacağı belirtilmeden 24 ay sözleşme imzaladık. 1 yıl dolduğunda ise fiyatlara TEFE-TÜFE oranında zam yapıldığı bildirildi. Sözleşme gereğ...,,
apsiyon-bilisimden-haksiz-ve-yuksek-cayma-bedeli-talebi-ile-magduriyet,Apsiyon Bilişim’den Haksız Ve Yüksek Cayma Bedeli Talebi İle Mağduriyet,Agena,https://www.sikayetvar.com/uye/agena-15721426,22 Mayıs 2025 10:16,1.635,Yayında,,Haksız ve Fahiş Cayma Bedeli. Site Programı olarak kullandığımız Apsiyon Bilişim'in 1 yıl içerisinde 3 defa zam yaptığın...dan dolayı kendisi ile çalışmak istemediğimizi söyledik. Apsiyon Bilişim ise ilk önce 36 aylık cayma bedeli hesaplayarak ödeme yapılmasını istedi. Bizde kendilerine kullanmadığımız...,Haksız ve Fahiş Cayma Bedeli. Site Programı olarak kullandığımız Apsiyon Bilişim'in 1 yıl içerisinde 3 defa zam yaptığından dolayı kendisi ile çalışmak istemediğimizi söyledik. Apsiyon Bilişim ise ilk önce 36 aylık cayma bedeli hesaplayarak ödeme yapılmasını istedi. Bizde kendilerine kullanmadığımız ayların bedelini neden talep ediyorsunuz diye itiraz edince düzeltme yoluna gidildi. Ama buna rağmen yüksek bir cayma bedeli fatura edildi. Apsiyon'un plaka tanıma sistemi tarafından sürekli mağdur ediliyoruz. Bunu her seferinde dile getiriyoruz.,,https://www.sikayetvar.com/apsiyon/apsiyon-bilisimden-haksiz-ve-yuksek-cayma-bedeli-talebi-ile-magduriyet
withdrawn-42,[Şikayet Yayından Kaldırıldı],Serkan,https://www.sikayetvar.com/uye/serkan-6468111,9 Mayıs 2025 15:25,1.767,Yayında,1,Apsiyon firması ile apsis paketi için 2021 nisan ayında 2 yıllık sözleşme yapılmış. 2025 şubat ayında kişisel mail hesab...ına size ulaşamadık ödenmemiş fatura borcunuz var diye mail atmışlar. Sonra sorduğumda firmanın böyle yaptığını öğrendiğimiz için borcumuz olmadığını borcun neye istinaden olduğunu...,Apsiyon firması ile apsis paketi için 2021 nisan ayında 2 yıllık sözleşme yapılmış. 2025 şubat ayında kişisel mail hesab...ına size ulaşamadık ödenmemiş fatura borcunuz var diye mail atmışlar. Sonra sorduğumda firmanın böyle yaptığını öğrendiğimiz için borcumuz olmadığını borcun neye istinaden olduğunu...,,
hizmet-sunulmadan-yuzde-5-komisyon-alinmasina-tepki,Hizmet Sunulmadan Yüzde 5 Komisyon Alınmasına Tepki,Levent,https://www.sikayetvar.com/uye/levent-864242,5 Mayıs 2025 18:28,3.758,Yayında,,"Bu nasıl bir hizmettir Apsiyon! Hiçbir hizmet sunmadan aidatın üzerinden yüzde ""%5"" hizmet bedeli alıyorsunuz. Hizmet be...deli fiks bir bedel olması gerekmiyor mu? 1000 lira ile 10000 liralık aidat ödemesi arasındaki hizmet farkı nedir? Neden bu kadar fark var?","Bu nasıl bir hizmettir Apsiyon! Hiçbir hizmet sunmadan aidatın üzerinden yüzde ""%5"" hizmet bedeli alıyorsunuz. Hizmet bedeli fiks bir bedel olması gerekmiyor mu? 1000 lira ile 10000 liralık aidat ödemesi arasındaki hizmet farkı nedir? Neden bu kadar fark var?",,https://www.sikayetvar.com/apsiyon/hizmet-sunulmadan-yuzde-5-komisyon-alinmasina-tepki
withdrawn-44,[Şikayet Yayından Kaldırıldı],Yunus,https://www.sikayetvar.com/uye/yunus-1225457,29 Nisan 2025 17:47,3,Çözüldü (Yayından Kaldırıldı),5,Yunus şikayetini yayından kaldırdı.,Yunus şikayetini yayından kaldırdı.,,
apsiyonun-dogalgaz-ve-sicak-su-faturalarinda-hatali-hesaplama-magduriyeti,Apsiyon'un Doğalgaz Ve Sıcak Su Faturalarında Hatalı Hesaplama Mağduriyeti,Sedat,https://www.sikayetvar.com/uye/sedat-6000253,24 Nisan 2025 13:27,1.861,Yayında,1,"Apsiyon çalışanları, Ataşehir Eryaman Konutları'nda doğal gaz ve sıcak su bedellerini yanlış hesaplamış ve sitede adeta ...bir kaos ortamı oluşturmuştur. Nisan ayındayız, 4 bin lira yakıt ücreti geldi; üstelik 7 bin lira gelen komşularımız da var. Sabah akşam son seviyede yakılsa bile bu kadar ücret ya...","Apsiyon çalışanları, Ataşehir Eryaman Konutları'nda doğal gaz ve sıcak su bedellerini yanlış hesaplamış ve sitede adeta bir kaos ortamı oluşturmuştur. Nisan ayındayız, 4 bin lira yakıt ücreti geldi; üstelik 7 bin lira gelen komşularımız da var. Sabah akşam son seviyede yakılsa bile bu kadar ücret yansımaz. Havalar zaten sıcak ve çoğu zaman petekleri yakmıyoruz bile. Site yöneticisi a*** Bey'e konuyu ilettik; ancak Apsiyon yetkililerinin hesaplamanın doğru olduğu yönündeki açıklamalarını bizlere aktardı. Apsiyon yetkililerine buradan seslenmek istiyorum: Bu işten anlamıyorsanız yapmayın ya da O***gibi profesyonel kurumlardan yardım alın. Ankara Cumhuriyet Başsavcılığı'na, Apsiyon yetkilileri ve site yönetimi hakkında inceleme başlatılması yönünde suç duyurusunda bulunacağım.",,https://www.sikayetvar.com/apsiyon/apsiyonun-dogalgaz-ve-sicak-su-faturalarinda-hatali-hesaplama-magduriyeti
apsiyon-hesabina-giris-yapilamiyor-ve-sifre-sorunu,Apsiyon Hesabına Giriş Yapılamıyor Ve Şifre Sorunu,Canan,https://www.sikayetvar.com/uye/canan-5161789,22 Nisan 2025 18:35,1.506,Çözüldü,4,,"Apsiyon'a artık giremiyorum. Bana şifre ya da email adresi hatalı yazısı çıkıyor. Değiştirip tekrar giriyorum yine olmuyor. Çok kez giriş yaptınız, daha sonra tekrar deneyiniz diyor. Deniyorum deniyorum olmuyor. Sorunumun ivedilikle çözümlemesini rica ediyorum.",,https://www.sikayetvar.com/apsiyon/apsiyon-hesabina-giris-yapilamiyor-ve-sifre-sorunu
withdrawn-47,[Şikayet Yayından Kaldırıldı],Celal,https://www.sikayetvar.com/uye/celal-1819658,17 Nisan 2025 15:00,1.739,Çözüldü,5,,,,
su-sayac-degisikligi-sonrasi-evimde-olusan-magduriyet,Su Sayaç Değişikliği Sonrası Evimde Oluşan Mağduriyet,Gökhan,https://www.sikayetvar.com/uye/gokhan-15574058,15 Nisan 2025 20:08,1.435,Yayında,,"Oturduğum sitede Apsiyon firması tarafından su sayaç değişikliği yapılmış ve işlem hatalı yapılmış. Su kaçağı olup evimd...eki duvarlarda işlem sonucu su sızıp rutubet oluşmuştur. Bu işlem tarafımıza haber verilmeden, evde olmadığımız zaman yapılmış. Duvarlarla beraber ders araları ve süpürgelikler zar...","Oturduğum sitede Apsiyon firması tarafından su sayaç değişikliği yapılmış ve işlem hatalı yapılmış. Su kaçağı olup evimdeki duvarlarda işlem sonucu su sızıp rutubet oluşmuştur. Bu işlem tarafımıza haber verilmeden, evde olmadığımız zaman yapılmış. Duvarlarla beraber ders araları ve süpürgelikler zarar görmüştür. Tatil dönüşü eve geldiğimizde olayı fark edip site yöneticisine haber verdiğimizde olayın üzerinde pek durulmadı. Israrlı aramalarımız sonucu Apsiyon'un düzeltme için geleceğini söylediler. Tüm gün evde bekleyip Apsiyon'un neden gelmediğini sorduğumuzda ise Apsiyon'un yine haber vermeden kapıyı çalmadan sözde işlem yapıp gittiğini söylediler. Evimde mağduriyetimle alakalı şahit olduğum hiçbir düzeltme işlemi yapılmamıştır. Herhangi bir işleme dair tarafımca, işlemi yapan Apsiyon firmasıyla tutanak tutulmamıştır. Evimdeki su almış, rutubetli duvarların ise konuyla alakası olmayan birileri tarafından üzerine boya yapılacağı site yöneticisi tarafından söylenmiştir. Böyle bir işlemi asla kabul etmiyorum. Apsiyon konuyla alakalı bizimle herhangi bir iletişime geçmemiştir. Site yöneticisi ise duvarların konuyla alakası olmayan biri tarafından boya yapılacağını söylemiştir. Duvardan akan suyun neden olduğu rutubet üzerine boya yapılarak düzeltilecek ve bizim bunu kabul etmemizi beklemekteler. Mağduriyetimizin giderilmesi için ivedilikle iletişime geçmelerini bekliyorum.",,https://www.sikayetvar.com/apsiyon/su-sayac-degisikligi-sonrasi-evimde-olusan-magduriyet
yetkisiz-kisi-yuzunden-proje-kapatildi,Yetkisiz Kişi Yüzünden Proje Kapatıldı,Fatih,https://www.sikayetvar.com/uye/fatih-13831537,15 Nisan 2025 15:32,1.248,Çözüldü,5,Apsiyon programı devam eden bir projemizi teyit almadan sadece biri istedi ...diye kapattı. Bu isteyen kişi sitede sadece malik hiçbir yetkisi yok. Nasıl...,Apsiyon programı devam eden bir projemizi teyit almadan sadece biri istedi diye kapattı. Bu isteyen kişi sitede sadece malik hiçbir yetkisi yok. Nasıl verileri emanet edelim. Şikayetçiyim. Yetki belgeleri ne işe yarıyor. Parasını kimden alıyor apsiyon,,https://www.sikayetvar.com/apsiyon/yetkisiz-kisi-yuzunden-proje-kapatildi
merkezi-isinma-faturasinda-belirsizlik,Merkezi Isınma Faturasında Belirsizlik,Durmuş,https://www.sikayetvar.com/uye/durmus-9317050,5 Nisan 2025 17:24,2.147,Yayında,,Karaman merkez toplu konutları site yönetimi Merkezi ısınma gideri gelen fatura kağıt üzerinde 751 TL. Fakat AK Yönetim'...in Apsiyon uygulamasında borç bakiyemiz 871 TL yani ödememiz gereken borç aynı fatura tarih ve tutarlar altı çizili. Bunun bir açıklaması var mı?,Karaman merkez toplu konutları site yönetimi Merkezi ısınma gideri gelen fatura kağıt üzerinde 751 TL. Fakat AK Yönetim'in Apsiyon uygulamasında borç bakiyemiz 871 TL yani ödememiz gereken borç aynı fatura tarih ve tutarlar altı çizili. Bunun bir açıklaması var mı?,,https://www.sikayetvar.com/apsiyon/merkezi-isinma-faturasinda-belirsizlik
withdrawn-51,[Şikayet Yayından Kaldırıldı],Yusuf,https://www.sikayetvar.com/uye/yusuf-5511500,4 Nisan 2025 06:36,1.834,Yayında,,"Ankara Ata Tatlıyamaç Palmiye Evleri B4 34 Apsiyon apartman imalat aidat borcu Ocak, Şubat, Mart 2025 aylarına ait 6000 ...TL yatırılmış olduğu halde uygulamada 2733.6 TL gecikmiş borç gözüküyor. Saçma ve güncelleme yapılmayan yönetim tarafından seçilmiş kişilerden fazla para çıkartmak ve korkutmak ama...","Ankara Ata Tatlıyamaç Palmiye Evleri B4 34 Apsiyon apartman imalat aidat borcu Ocak, Şubat, Mart 2025 aylarına ait 6000 ...TL yatırılmış olduğu halde uygulamada 2733.6 TL gecikmiş borç gözüküyor. Saçma ve güncelleme yapılmayan yönetim tarafından seçilmiş kişilerden fazla para çıkartmak ve korkutmak ama...",,
withdrawn-52,[Şikayet Yayından Kaldırıldı],Selda,https://www.sikayetvar.com/uye/selda-520182,22 Mart 2025 12:44,1.262,Yayında,,216 Butik Plus sitesinde apsiyon aplikasyonu kullanılmakta. Ben de kredi kartımdan otomatik çekilsin diye kart bilgileri...mi girdim. Lakin 2 oldu. Sistemden kartım iznim olmadan silindi ve pasif kartlar kısmında dahi gözükmemekte. Artık kart bilgilerime ulaşamadığım ve de o karttan çekim yapılması zor...,216 Butik Plus sitesinde apsiyon aplikasyonu kullanılmakta. Ben de kredi kartımdan otomatik çekilsin diye kart bilgileri...mi girdim. Lakin 2 oldu. Sistemden kartım iznim olmadan silindi ve pasif kartlar kısmında dahi gözükmemekte. Artık kart bilgilerime ulaşamadığım ve de o karttan çekim yapılması zor...,,
withdrawn-53,[Şikayet Yayından Kaldırıldı],Eren,https://www.sikayetvar.com/uye/eren-1506077,20 Mart 2025 16:15,1.637,Yayında,1,"Apsiyon Şirketi kadar rahat, umursamaz ve ilgisiz başka bir şirket 35 senedir görmedim, duymadım. Bu kadar ilgisiz ve al...akasız firmanın başında E**** Bey, K***** Bey ve M**** Bey hiçbiri mi bu ilgisizliği ve liyakatsizliği görmüyor, duymuyor? Nasıl oluyor? Bu kadar ilgisizken bu kadar müşteri edineb...","Apsiyon Şirketi kadar rahat, umursamaz ve ilgisiz başka bir şirket 35 senedir görmedim, duymadım. Bu kadar ilgisiz ve al...akasız firmanın başında E**** Bey, K***** Bey ve M**** Bey hiçbiri mi bu ilgisizliği ve liyakatsizliği görmüyor, duymuyor? Nasıl oluyor? Bu kadar ilgisizken bu kadar müşteri edineb...",,
withdrawn-54,[Şikayet Yayından Kaldırıldı],Ceren,https://www.sikayetvar.com/uye/ceren-5259176,18 Mart 2025 00:06,6.264,Yayında,,"İstanbul'da kaldığım sitenin aidatı için Apsiyon uygulaması üzerinden ödemek istediğimde seferinde hizmet bedeli ödemek ...durumunda kalıyorum. Her ödememde böyle bir ücret kesintisiyle karşılaşmak istemiyorum! Bu bir tüketici sömürülmesi ve mağduriyetidir, acilen bu durumun açıklanmasını ve mağduriyet...","İstanbul'da kaldığım sitenin aidatı için Apsiyon uygulaması üzerinden ödemek istediğimde seferinde hizmet bedeli ödemek ...durumunda kalıyorum. Her ödememde böyle bir ücret kesintisiyle karşılaşmak istemiyorum! Bu bir tüketici sömürülmesi ve mağduriyetidir, acilen bu durumun açıklanmasını ve mağduriyet...",,
withdrawn-55,[Şikayet Yayından Kaldırıldı],Güner,https://www.sikayetvar.com/uye/guner-3865090,16 Mart 2025 18:55,115,Çözüldü (Yayından Kaldırıldı),5,Güner şikayetini yayından kaldırdı.,Güner şikayetini yayından kaldırdı.,,
aidat-odemelerinde-artan-ekstra-hizmet-bedeli-sorunu,Aidat Ödemelerinde Artan Ekstra Hizmet Bedeli Sorunu,Fatih,https://www.sikayetvar.com/uye/fatih-10242917,13 Mart 2025 17:55,5.524,Yayında,1,"Apsiyon üzerinden site aidatını her ay eksiksiz ödüyorum, lakin uygulama üzerinden ödeme yaparken her ay ekstra hizmet b...edeli adı altında ödeme alınıyor ve her ay bu hizmet bedeli artıyor. Konu hakkında yardımcı olmanızı rica ediyorum. Bu haksızlığa sayenizde dur diyelim.","Apsiyon üzerinden site aidatını her ay eksiksiz ödüyorum, lakin uygulama üzerinden ödeme yaparken her ay ekstra hizmet bedeli adı altında ödeme alınıyor ve her ay bu hizmet bedeli artıyor. Konu hakkında yardımcı olmanızı rica ediyorum. Bu haksızlığa sayenizde dur diyelim.",,https://www.sikayetvar.com/apsiyon/aidat-odemelerinde-artan-ekstra-hizmet-bedeli-sorunu
apsiyon-hesap-aktiflestirme-sorunu,Apsiyon Hesap Aktifleştirme Sorunu,Adem,https://www.sikayetvar.com/uye/adem-11897243,13 Mart 2025 08:32,1.244,Yayında,,Apsiyon'a artık giremiyorum. Bana hesabı aktif hale getir diye bir yazı çıkıyor. Mailden giriyorum aktif edeceğim link b...ir türlü gelmiyor ve eski aktif ettiğim linki de süresi dolmuştur diye kabul etmiyor. Aktif edemiyorum. Yardımcı olursanız sevinirim. Şifremi unuttum kısmından giriyorum ama kabul ...,Apsiyon'a artık giremiyorum. Bana hesabı aktif hale getir diye bir yazı çıkıyor. Mailden giriyorum aktif edeceğim link bir türlü gelmiyor ve eski aktif ettiğim linki de süresi dolmuştur diye kabul etmiyor. Aktif edemiyorum. Yardımcı olursanız sevinirim. Şifremi unuttum kısmından giriyorum ama kabul etmiyor.,,https://www.sikayetvar.com/apsiyon/apsiyon-hesap-aktiflestirme-sorunu
withdrawn-58,[Şikayet Yayından Kaldırıldı],Özkan,https://www.sikayetvar.com/uye/ozkan-733132,5 Mart 2025 17:59,1.764,Yayında,1,"Apsiyon uygulamasını kullanarak ödeme yaparken Yapı Kredi ile iş birliği kampanyasıyla indirim veya avantaj sunulduğunu ...gördüm ve kullanmak istedim, Gerekenleri yaptım, yansıyan bir şey olmadı. Ancak Detaylarını öğrenmek için müşteri hizmetlerine ulaştığımda şok oldum. Böyle bir kampanyanın olmadığı...","Apsiyon uygulamasını kullanarak ödeme yaparken Yapı Kredi ile iş birliği kampanyasıyla indirim veya avantaj sunulduğunu ...gördüm ve kullanmak istedim, Gerekenleri yaptım, yansıyan bir şey olmadı. Ancak Detaylarını öğrenmek için müşteri hizmetlerine ulaştığımda şok oldum. Böyle bir kampanyanın olmadığı...",,
yanlis-faturalandirma-isinma-ve-sicak-su-bedeli-sorunu,Yanlış Faturalandırma: Isınma Ve Sıcak Su Bedeli Sorunu,Taylan,https://www.sikayetvar.com/uye/taylan-16991883,20 Şubat 2025 00:51,954,Yayında,,Sıcak suyu ve ısınmanın kapalı olduğu bir daireye 1900₺ civarlarında bir ısınma ve sıcak su bedeli gelmesi güpegündüz bi...r yanlışın resmidir. Hiçbir açıklaması olamaz. Yasal derecelerde böyle bir fatura gelmesi olanaksız. Farklı sitelerde kullanımda olan hali hazırda dairelere gelen bedel ile aynı bu...,Sıcak suyu ve ısınmanın kapalı olduğu bir daireye 1900₺ civarlarında bir ısınma ve sıcak su bedeli gelmesi güpegündüz bir yanlışın resmidir. Hiçbir açıklaması olamaz. Yasal derecelerde böyle bir fatura gelmesi olanaksız. Farklı sitelerde kullanımda olan hali hazırda dairelere gelen bedel ile aynı bunda ki çelişkinin sebebi nedir? Belli ki bazı bedeller bizim faturamıza eklenmiş. Araştıracağız ve sonuna kadar peşinden gideceğiz.,,https://www.sikayetvar.com/apsiyon/yanlis-faturalandirma-isinma-ve-sicak-su-bedeli-sorunu
site-yonetimi-ve-teknik-destek-sorunlari,Site Yönetimi Ve Teknik Destek Sorunları,Mehmet,https://www.sikayetvar.com/uye/mehmet-15320227,16 Şubat 2025 00:31,1.678,Yayında,1,"1000'in üzerinde konut olan bir sitede oturuyorum. 5 senedir aynı aracı, aynı plakayı kullanıyorum. Yaklaşık 2 aydır sis...tem tarafından plakam okunmuyor. Bizim gibi mağduriyet yaşayan birçok komşum var ve sizin tarafınızdan çözümle alakalı bir muhatap bulamıyoruz. Site yönetimi, Apsiyon tarafından ya...","1000'in üzerinde konut olan bir sitede oturuyorum. 5 senedir aynı aracı, aynı plakayı kullanıyorum. Yaklaşık 2 aydır sistem tarafından plakam okunmuyor. Bizim gibi mağduriyet yaşayan birçok komşum var ve sizin tarafınızdan çözümle alakalı bir muhatap bulamıyoruz. Site yönetimi, Apsiyon tarafından yazılım güncellemesi yapıldığını ve sonrasında bu sorunla karşılaştıklarını iletiyor. Müşteri hizmetlerini de aradım, mail de attım. Asla sorun çözülmüyor ve asla bir muhatap bulamıyorsunuz. Müşteri hizmetlerinizi, teknik destek ekibinizi geliştirmelisiniz. Çok basit bir konuyu bile çözmek bu kadar zor olmamalı. Bu nasıl kurumsallık?",,https://www.sikayetvar.com/apsiyon/site-yonetimi-ve-teknik-destek-sorunlari
hatali-faturalandirma-ve-iletisim-sorunlari,Hatalı Faturalandırma Ve İletişim Sorunları,Abdullah,https://www.sikayetvar.com/uye/abdullah-5095426,12 Şubat 2025 11:25,1.255,Yayında,1,"14 Ocak 2025 de apsiyon uygulamasını fesih edilmesi için başvuru yaptık. Mail destek ekibine bana KDV dahil 1926,95 TL c...ayma bedeli olduğu belirtildi, bende kabul ettim ve sonra bekledim faturalandırılması... Aradan 1 ay geçti. Fesih protokolü benim tekrar sormam sonrasında mail olarak geldi, tabi b...","14 Ocak 2025 de apsiyon uygulamasını fesih edilmesi için başvuru yaptık. Mail destek ekibine bana KDV dahil 1926,95 TL cayma bedeli olduğu belirtildi, bende kabul ettim ve sonra bekledim faturalandırılması... Aradan 1 ay geçti. Fesih protokolü benim tekrar sormam sonrasında mail olarak geldi, tabi ben bu arada yine süreç için mail attım bilgi almak için... En son bugün bana 1 hafta önce size mail attım diye cevap geldi, halbuki gelen bir mail yok... Hepsini geçiyorum 14 Ocak'ta bana cayma bedeli olarak 1926,95 TL olan ücret 2660,41 artı KDV olarak faturalandırılmış... Aralık 2024 dahil hiçbir borcu yoktur... Herkes bilsin apsiyon uygulamasının politikasını... Tebrikler büyük Apsiyon firması...",,https://www.sikayetvar.com/apsiyon/hatali-faturalandirma-ve-iletisim-sorunlari
withdrawn-62,[Şikayet Yayından Kaldırıldı],Gizem,https://www.sikayetvar.com/uye/gizem-15300898,11 Şubat 2025 18:21,4.350,Yayında,,"İnsanları site yönetiminde bir şekilde uygulamanızı kullanmaya zorunlu tutuyorsunuz. Her ödememizde hizmet bedeli alıyor...sunuz. Neyin hizmeti, neyin bedeli? Ben her ödeme yaptığımda bir de size fazladan 70-80₺ ödemek zorunda mıyım? Bu konuda yasal haklarımı da sonuna kadar kullanacağım.","İnsanları site yönetiminde bir şekilde uygulamanızı kullanmaya zorunlu tutuyorsunuz. Her ödememizde hizmet bedeli alıyor...sunuz. Neyin hizmeti, neyin bedeli? Ben her ödeme yaptığımda bir de size fazladan 70-80₺ ödemek zorunda mıyım? Bu konuda yasal haklarımı da sonuna kadar kullanacağım.",,
apsiyon-giris-sorunlari-ve-kullanici-deneyimi,Apsiyon Giriş Sorunları Ve Kullanıcı Deneyimi,Metin,https://www.sikayetvar.com/uye/metin-1412611,7 Şubat 2025 23:14,1.595,Yayında,1,Apsiyon site yönetimi programına girebilene aşk olsun. 3000 kişinin yaşadığı sitenin yönetim kurulu başkanı iken almış o...lduğum Apsiyon programından çıktım. Defalarca girmeme rağmen şifre doğrulama kodları defalarca gelip hata vermesine rağmen bir türlü giremiyorum. Sanırım program bilgi işlemcisi ye...,"Apsiyon site yönetimi programına girebilene aşk olsun. 3000 kişinin yaşadığı sitenin yönetim kurulu başkanı iken almış olduğum Apsiyon programından çıktım. Defalarca girmeme rağmen şifre doğrulama kodları defalarca gelip hata vermesine rağmen bir türlü giremiyorum. Sanırım program bilgi işlemcisi yetersiz, yeni bir yazılım geliştirmeleri gerekiyor. Apsiyon programı edimini ifa etmiyor, birçok kişi de kullanamıyor maalesef.",,https://www.sikayetvar.com/apsiyon/apsiyon-giris-sorunlari-ve-kullanici-deneyimi
withdrawn-64,[Şikayet Yayından Kaldırıldı],Wise,https://www.sikayetvar.com/uye/wise-15279241,6 Şubat 2025 17:11,1.313,Yayında,1,"Apsıyon yönetici kullanan bir yönetim şirketiyiz. Apsıyon, sektörde tek el olmanın verdiği özgüvenle birçok kurumsallaşm...a yolunda ilerleyen şirketlerin taklidini yansıtıyor. Teklif istersiniz, umursayan olmaz; ararsınız, telefonla destek vermekten kaçınırlar. Bir talebinize dönüş yapmaları, beyefen...","Apsıyon yönetici kullanan bir yönetim şirketiyiz. Apsıyon, sektörde tek el olmanın verdiği özgüvenle birçok kurumsallaşm...a yolunda ilerleyen şirketlerin taklidini yansıtıyor. Teklif istersiniz, umursayan olmaz; ararsınız, telefonla destek vermekten kaçınırlar. Bir talebinize dönüş yapmaları, beyefen...",,
withdrawn-65,[Şikayet Yayından Kaldırıldı],Emre,https://www.sikayetvar.com/uye/emre-4703352,1 Şubat 2025 16:36,95,Çözüldü (Yayından Kaldırıldı),4,Emre şikayetini yayından kaldırdı.,Emre şikayetini yayından kaldırdı.,,
withdrawn-66,[Şikayet Yayından Kaldırıldı],Mehti,https://www.sikayetvar.com/uye/mehti-14069114,25 Ocak 2025 21:28,821,Yayında,1,"Apsiyon ile çok uğraştım, kredi kartımla ödeme yapıyordum birden bire blok aldım önden sonra onlarla konuştum bana Kredi... kartı ile yaptığınız işlemler doğrulanmamıştır. Bu nedenle blokeniz maalesef kaldırılamamaktadır dediler. Blok süresi 98 yıl. Mantıklı mı","Apsiyon ile çok uğraştım, kredi kartımla ödeme yapıyordum birden bire blok aldım önden sonra onlarla konuştum bana Kredi... kartı ile yaptığınız işlemler doğrulanmamıştır. Bu nedenle blokeniz maalesef kaldırılamamaktadır dediler. Blok süresi 98 yıl. Mantıklı mı",,
apsiyon-plaka-okuma-sorunlari-ve-yetersiz-destek,Apsiyon Plaka Okuma Sorunları Ve Yetersiz Destek,Gökhan,https://www.sikayetvar.com/uye/gokhan-611181,24 Ocak 2025 13:03,833,Yayında,,720 dairelik sitemizde apsiyon programını kullanıyoruz. Plaka okuma sistemi bir süredir okumalarda sorun çıkarıyor. Giri...şte okumadıkları var. Giren araçlardan çıkanları okumadıkları var. İçerideki araç sayısını net bilemiyoruz. 6 Ocakta apsiyon'a destek kaydı açtım halen dönüş olmadı. 18 gün geçti. ...,720 dairelik sitemizde apsiyon programını kullanıyoruz. Plaka okuma sistemi bir süredir okumalarda sorun çıkarıyor. Girişte okumadıkları var. Giren araçlardan çıkanları okumadıkları var. İçerideki araç sayısını net bilemiyoruz. 6 Ocakta apsiyon'a destek kaydı açtım halen dönüş olmadı. 18 gün geçti. Bu şekilde devam ederse programı değiştirmek durumunda kalacağız.,,https://www.sikayetvar.com/apsiyon/apsiyon-plaka-okuma-sorunlari-ve-yetersiz-destek
withdrawn-68,[Şikayet Yayından Kaldırıldı],Mustafa,https://www.sikayetvar.com/uye/mustafa-15209773,21 Ocak 2025 13:50,4.228,Yayında,,"Apsiyon haksız hizmet bedeli alıyor. Apsiyon uygulaması, ödeme talimatlarından fahiş fiyat kesiyor. Nasıl bir düzen kurm...uşlar akıl alır gibi değil. Gerekli mercilere şikayette bulunacağım ve elimden geleni yapacağım. Hiçbir yer otomatik ödemede komisyon almıyorken, hizmet bedeli adı altında neyin pa...","Apsiyon haksız hizmet bedeli alıyor. Apsiyon uygulaması, ödeme talimatlarından fahiş fiyat kesiyor. Nasıl bir düzen kurm...uşlar akıl alır gibi değil. Gerekli mercilere şikayette bulunacağım ve elimden geleni yapacağım. Hiçbir yer otomatik ödemede komisyon almıyorken, hizmet bedeli adı altında neyin pa...",,
withdrawn-69,[Şikayet Yayından Kaldırıldı],Ömer,https://www.sikayetvar.com/uye/omer-15160528,9 Ocak 2025 21:12,1.618,Yayında,,"Ben yaklaşık 6-7 aydır yöneticilik yapıyorum, 48 dairelik bir sitede opsiyon kullanılıyormuş ve bu daha önceden alınmış.... Süresi 2023 Temmuz'da dolmuş. Benden önceki yöneticiye herhangi bir bildirim yapılmamış ve bu şekilde yaklaşık 18 ay kullanılmış. 05.01.2025 tarihinde site kapatıldı, borcunuz var...","Ben yaklaşık 6-7 aydır yöneticilik yapıyorum, 48 dairelik bir sitede opsiyon kullanılıyormuş ve bu daha önceden alınmış.... Süresi 2023 Temmuz'da dolmuş. Benden önceki yöneticiye herhangi bir bildirim yapılmamış ve bu şekilde yaklaşık 18 ay kullanılmış. 05.01.2025 tarihinde site kapatıldı, borcunuz var...",,
apsiyon-uygulamasi-ve-hukuk-burolariyla-yasanan-sorunlar,Apsiyon Uygulaması Ve Hukuk Bürolarıyla Yaşanan Sorunlar,Halil,https://www.sikayetvar.com/uye/halil-6508853,9 Ocak 2025 18:48,3.174,Yayında,1,"Daha önce farklı hesaplara yatırılan aidat, doğalgaz vb. Ödemelerinin site yönetimi tarafından alınan kararla Apsiyon uy...gulamasına geçiş yapılması ve bu esnada yapılan bazı ödemelerin eksik veya hatalı işlemler sonucu tarafımıza borç ve faiz olarak yansıtılmıştır. Apsiyon ve iş birliği içindeki kriz...","Daha önce farklı hesaplara yatırılan aidat, doğalgaz vb. Ödemelerinin site yönetimi tarafından alınan kararla Apsiyon uygulamasına geçiş yapılması ve bu esnada yapılan bazı ödemelerin eksik veya hatalı işlemler sonucu tarafımıza borç ve faiz olarak yansıtılmıştır. Apsiyon ve iş birliği içindeki krizi fırsata çevirmek isteyen bazı hukuk büroları hakkımızda icra takip dosyaları düzenlemiştir. Bu dosya elimize ulaşır. Ulaşmaz borç faiz ve Apsiyon uygulama ücreti ile beraber ödenmiştir. Şu an ise buna istinaden ilgili hukuk bürosu tarafından icra ücreti talep edilmektedir. Ayrıca bu şahısların Apsiyon uygulaması üzerinden kullanıcıların kişisel bilgilerine kolayca ulaşabilmesi Kişisel Verilerin Korunması Kanunu kapsamınca hukuka aykırıdır. Bu hataların en kısa sürede düzeltilmesini aksi takdirde yasal süreç başlatılacağını belirtirim. Apsiyon uygulaması yöneticiler tarafından atanan kişilere sisteme giriş yetkisi verirken o kişilerin de üçüncü bir kişiye yetki vererek kullanıcıların bilgilerine ulaşım izni sağlıyor. Bu kişiler neye göre yetkilendiriliyor ayrıca kötü niyetli olmadıklarına nasıl emin olabiliriz?",,https://www.sikayetvar.com/apsiyon/apsiyon-uygulamasi-ve-hukuk-burolariyla-yasanan-sorunlar
withdrawn-71,[Şikayet Yayından Kaldırıldı],Yasin,https://www.sikayetvar.com/uye/yasin-15178317,6 Ocak 2025 11:43,1.051,Yayında,,"3 senedir kullanıyorum, 2023'e kadar sözleşme yaptık. Sözleşmem bitmiş, yönetime haber verilmedi. Otomatik yapıldı dedil...er. İlk sözleşme fiyatı 2 bin küsurdu, şimdi bir fatura çıkartmışlar 21 bin küsur, afaki bir fark. Fatura kesildi, ödemeniz gerekiyor dediler ve programa erişimimi kestiler. Hem h...","3 senedir kullanıyorum, 2023'e kadar sözleşme yaptık. Sözleşmem bitmiş, yönetime haber verilmedi. Otomatik yapıldı dedil...er. İlk sözleşme fiyatı 2 bin küsurdu, şimdi bir fatura çıkartmışlar 21 bin küsur, afaki bir fark. Fatura kesildi, ödemeniz gerekiyor dediler ve programa erişimimi kestiler. Hem h...",,
withdrawn-72,[Şikayet Yayından Kaldırıldı],Ali,https://www.sikayetvar.com/uye/ali-6225325,4 Ocak 2025 17:22,481,Çözüldü (Yayından Kaldırıldı),5,Ali şikayetini yayından kaldırdı.,Ali şikayetini yayından kaldırdı.,,
withdrawn-73,[Şikayet Yayından Kaldırıldı],Derin,https://www.sikayetvar.com/uye/derin-5165919,3 Ocak 2025 08:47,4.666,Yayında,,"Apsiyon uygulaması aidat, doğalgaz, su ödemelerinde kredi kartından ekstra hizmet bedeli adı altında ücret almaktadır / ...kesmektedir / talep etmektedir. Bunun sebebini öğrenebilir miyiz. Bu konuda gerekli yerlere şikayette bulunacağım... Hizmet bedeli olarak kazandıklarınızın vergisini verin bakalım,...","Apsiyon uygulaması aidat, doğalgaz, su ödemelerinde kredi kartından ekstra hizmet bedeli adı altında ücret almaktadır / ...kesmektedir / talep etmektedir. Bunun sebebini öğrenebilir miyiz. Bu konuda gerekli yerlere şikayette bulunacağım... Hizmet bedeli olarak kazandıklarınızın vergisini verin bakalım,...",,
withdrawn-74,[Şikayet Yayından Kaldırıldı],Uğur,https://www.sikayetvar.com/uye/ugur-150577,2 Ocak 2025 15:40,1.151,Yayında,1,"Apsiyon uygulaması, şeffaf ve iç kontrolü sağlayacak şekilde kurgulanan bir uygulama olması sebebiyle tercih etmemize ra...ğmen, apsiyon.com sitesinden ulaştığımız kayıtlar yönetim tarafından kısıtlanmıştır. Bu durum, uygulamanın şeffaflık ve hesap verebilirlik ilkesinin ortadan kaldırıldığı anlamına g...","Apsiyon uygulaması, şeffaf ve iç kontrolü sağlayacak şekilde kurgulanan bir uygulama olması sebebiyle tercih etmemize ra...ğmen, apsiyon.com sitesinden ulaştığımız kayıtlar yönetim tarafından kısıtlanmıştır. Bu durum, uygulamanın şeffaflık ve hesap verebilirlik ilkesinin ortadan kaldırıldığı anlamına g...",,
withdrawn-75,[Şikayet Yayından Kaldırıldı],İlayda,https://www.sikayetvar.com/uye/ilayda-10845799,26 Aralık 2024 12:42,4.203,Yayında,,"Apsiyon uygulamasından aidat ve ortak ısınma için fatura ödemesi yapmak istediğimizde yüklü bir miktar komisyon alınıyor.... Böyle bir durum söz konusu bile olamaz. Haksız yere hiçbir kazanç sağlamadan, hizmet vermeden, hizmet bedeli adı altında neyin bedelini alıyorsunuz! İnsanların parasını bu devird...","Apsiyon uygulamasından aidat ve ortak ısınma için fatura ödemesi yapmak istediğimizde yüklü bir miktar komisyon alınıyor.... Böyle bir durum söz konusu bile olamaz. Haksız yere hiçbir kazanç sağlamadan, hizmet vermeden, hizmet bedeli adı altında neyin bedelini alıyorsunuz! İnsanların parasını bu devird...",,
guncelleme-sonrasi-plaka-tanima-sistemi-calismiyor-10-gundur-cozum-yok,Güncelleme Sonrası Plaka Tanıma Sistemi Çalışmıyor: 10 Gündür Çözüm Yok!,Çağdaş,https://www.sikayetvar.com/uye/cagdas-5158375,25 Aralık 2024 11:28,884,Yayında,,"Apsiyon plaka tanıma sistem güncellemesinden sonra 10 gündür çalışmıyor. Çalışan sistemi güncelleme adı altında bozdular.... Her gün kayıt açıp dönüş yapacaklarını söyleyip hiçbir şey yapmıyorlar. Sorunu görmezden gelerek kendiliğinden çözülmesini bekliyorlar, Sitenin otopark kapısı sayelerinde 10 günd...","Apsiyon plaka tanıma sistem güncellemesinden sonra 10 gündür çalışmıyor. Çalışan sistemi güncelleme adı altında bozdular. Her gün kayıt açıp dönüş yapacaklarını söyleyip hiçbir şey yapmıyorlar. Sorunu görmezden gelerek kendiliğinden çözülmesini bekliyorlar, Sitenin otopark kapısı sayelerinde 10 gündür açık.",,https://www.sikayetvar.com/apsiyon/guncelleme-sonrasi-plaka-tanima-sistemi-calismiyor-10-gundur-cozum-yok
withdrawn-77,[Şikayet Yayından Kaldırıldı],Garden,https://www.sikayetvar.com/uye/garden-13567913,20 Aralık 2024 12:48,843,Yayında,1,"Apsiyon Otopark sistemi kurulum sonrası teknik ve yazılım hizmetleri aksamalara yol açıyor. Bizler çok dikkatli olarak b...u yazılımın işleyişine tanık oluyoruz ve hataları görüyoruz. Tek istediğimiz, güncellemeler öncesi hata tespitlerini yaptığımızda dikkate almaları, yerinde kontrol etmeleri ve çalı...","Apsiyon Otopark sistemi kurulum sonrası teknik ve yazılım hizmetleri aksamalara yol açıyor. Bizler çok dikkatli olarak b...u yazılımın işleyişine tanık oluyoruz ve hataları görüyoruz. Tek istediğimiz, güncellemeler öncesi hata tespitlerini yaptığımızda dikkate almaları, yerinde kontrol etmeleri ve çalı...",,
odenen-aidatin-apsiyonda-hala-borc-gozukmesi-sorunu,Ödenen Aidatın Apsiyon'da Hala Borç Gözükmesi Sorunu,Hıdır,https://www.sikayetvar.com/uye/hidir-14550300,20 Aralık 2024 09:51,1.373,Yayında,,"Merhaba, Site aidat tutarını 12 Aralık'ta ödediğim halde hala Apsiyon'da borç gözüküyor. Site aidat tutarını sitenin ban...ka hesabına gönderiyorum. Her zaman aynı gün veya bir gün sonra Apsiyon'dan düşer idi. Fakat bu defa düşmedi. Konu ile alakalı olursanız çok sevinirim.","Merhaba, Site aidat tutarını 12 Aralık'ta ödediğim halde hala Apsiyon'da borç gözüküyor. Site aidat tutarını sitenin banka hesabına gönderiyorum. Her zaman aynı gün veya bir gün sonra Apsiyon'dan düşer idi. Fakat bu defa düşmedi. Konu ile alakalı olursanız çok sevinirim.",,https://www.sikayetvar.com/apsiyon/odenen-aidatin-apsiyonda-hala-borc-gozukmesi-sorunu
withdrawn-79,[Şikayet Yayından Kaldırıldı],Osman,https://www.sikayetvar.com/uye/osman-6341979,18 Aralık 2024 14:47,1.098,Yayında,,Sitede göreve geldiğimde bizden önceki dönemde taahhüt verilmiş Apsiyon uygulaması kullanıyorduk. Taahhüt süresi sona er...meden kendilerine ve bulunduğumuz yerdeki saha sorumlusunun yüzüne artık kendileriyle çalışmayacağımızı bildirdik. Taahhüt bittikten sonra bize tekrar fahiş zamlı fatura düzenleyer...,Sitede göreve geldiğimde bizden önceki dönemde taahhüt verilmiş Apsiyon uygulaması kullanıyorduk. Taahhüt süresi sona er...meden kendilerine ve bulunduğumuz yerdeki saha sorumlusunun yüzüne artık kendileriyle çalışmayacağımızı bildirdik. Taahhüt bittikten sonra bize tekrar fahiş zamlı fatura düzenleyer...,,
withdrawn-80,[Şikayet Yayından Kaldırıldı],Hakan,https://www.sikayetvar.com/uye/hakan-268935,16 Aralık 2024 19:56,707,Yayında,1,"29.01.2024 tarihinde Apsiyon firmasından aldığım ve sözlü olarak telefonda onayladığım ilk tekliflerinin, sözleşme sonu ...olan 29.01.2025 tarihinde sonlandırılmasını ve devam ettirilmemesini kendilerine ilettiğimde, bana farklı bir sözleşmeyle aslında taahhüdümün 2 yıl (24 ay) olduğu söylenerek cayma ...","29.01.2024 tarihinde Apsiyon firmasından aldığım ve sözlü olarak telefonda onayladığım ilk tekliflerinin, sözleşme sonu ...olan 29.01.2025 tarihinde sonlandırılmasını ve devam ettirilmemesini kendilerine ilettiğimde, bana farklı bir sözleşmeyle aslında taahhüdümün 2 yıl (24 ay) olduğu söylenerek cayma ...",,
withdrawn-81,[Şikayet Yayından Kaldırıldı],Gönül,https://www.sikayetvar.com/uye/gonul-4243077,10 Aralık 2024 13:31,744,Yayında,1,"Apsiyon Otopark sistemi kurulum sonrası teknik ve yazılım hizmetleri aksamalara yol açıyor. Bizler çok dikkatli olarak b...u yazlımın işleyişine tanık oluyoruz ve hataları görüyoruz. Tek istediğimiz güncellemeler öncesi hata tespitlerini yaptığımızda dikkate almaları yerinde kontrol etmeleri, çalışan s...","Apsiyon Otopark sistemi kurulum sonrası teknik ve yazılım hizmetleri aksamalara yol açıyor. Bizler çok dikkatli olarak b...u yazlımın işleyişine tanık oluyoruz ve hataları görüyoruz. Tek istediğimiz güncellemeler öncesi hata tespitlerini yaptığımızda dikkate almaları yerinde kontrol etmeleri, çalışan s...",,
withdrawn-82,[Şikayet Yayından Kaldırıldı],Habib,https://www.sikayetvar.com/uye/habib-744849,9 Aralık 2024 17:04,709,Yayında,1,Site yöneticisiyim. Apsiyon programı kullanıyoruz. Sadece borç takibi için. Ancak zaten fazla olan fiyatı yine artırmışl...ar. Zammı kabul etmiyoruz deyince de taahhüdünüz var deniyor. Rakip firmalar 75 TL'den 36 ay hizmet vaat ediyor. Apsiyon şimdiden 1350 TL yaptı.,Site yöneticisiyim. Apsiyon programı kullanıyoruz. Sadece borç takibi için. Ancak zaten fazla olan fiyatı yine artırmışl...ar. Zammı kabul etmiyoruz deyince de taahhüdünüz var deniyor. Rakip firmalar 75 TL'den 36 ay hizmet vaat ediyor. Apsiyon şimdiden 1350 TL yaptı.,,
withdrawn-83,[Şikayet Yayından Kaldırıldı],Merve,https://www.sikayetvar.com/uye/merve-8331120,1 Aralık 2024 21:21,7.020,Yayında,,"Kemerlife23 Sitesinde oturmaya başladım. Apsiyon hizmet bedeli olarak 334,13 TL ödeme alıyor, aidatı ödemek istediğimde.... Bu yapılan uygulama açıkça hukuka aykırı olup, tüketici haklarını ihlal etmektedir. Haksız kazanç niteliğinde olan hizmet bedeli uygulaması usul ve yasaya aykırıdır. Sorunun ivedi...","Kemerlife23 Sitesinde oturmaya başladım. Apsiyon hizmet bedeli olarak 334,13 TL ödeme alıyor, aidatı ödemek istediğimde.... Bu yapılan uygulama açıkça hukuka aykırı olup, tüketici haklarını ihlal etmektedir. Haksız kazanç niteliğinde olan hizmet bedeli uygulaması usul ve yasaya aykırıdır. Sorunun ivedi...",,
uygulama-giris-sorunu-1,Uygulama Giriş Sorunu,Oguzhan,https://www.sikayetvar.com/uye/oguzhan-12946076,27 Kasım 2024 22:48,834,Yayında,,"Görseldeki gibi bir sıkıntı var. Gmail üzerinden girebiliyorum ama bu uygulamadan giremiyorum. Uygulamada mı sıkıntı var..., anlamış değilim. Sizden ricam, yardımcı olur musunuz? Gmail'den girdiğimde herhangi bir sorunla karşılaşmıyorum ama uygulama oldukça sıkıntılı.","Görseldeki gibi bir sıkıntı var. Gmail üzerinden girebiliyorum ama bu uygulamadan giremiyorum. Uygulamada mı sıkıntı var, anlamış değilim. Sizden ricam, yardımcı olur musunuz? Gmail'den girdiğimde herhangi bir sorunla karşılaşmıyorum ama uygulama oldukça sıkıntılı.",,https://www.sikayetvar.com/apsiyon/uygulama-giris-sorunu-1
withdrawn-85,[Şikayet Yayından Kaldırıldı],Aykut,https://www.sikayetvar.com/uye/aykut-5004983,24 Kasım 2024 13:11,3.994,Yayında,,"Aykut K*****. Apsiyon uygulaması aidat, doğalgaz, su ödemelerinde kredi kartından ekstra hizmet bedeli adı altında ücret... almaktadır / kesmektedir / talep etmektedir. Bunun sebebini öğrenebilir miyiz. Bu konuda gerekli yerlere şikayette bulunacağım...","Aykut K*****. Apsiyon uygulaması aidat, doğalgaz, su ödemelerinde kredi kartından ekstra hizmet bedeli adı altında ücret... almaktadır / kesmektedir / talep etmektedir. Bunun sebebini öğrenebilir miyiz. Bu konuda gerekli yerlere şikayette bulunacağım...",,
withdrawn-86,[Şikayet Yayından Kaldırıldı],Bahar,https://www.sikayetvar.com/uye/bahar-14927932,19 Kasım 2024 17:50,7.956,Yayında,,"Pera Pendik rezidansta kırcı olarak oturuyorum, taşınmadan önce apsiyon uygulaması üzerinden ödeme yapılacağı bilgisi ve...rilmedi. Daha önce de kullanmamıştık. Hey ay neden olduğunu bilmediğim 95 le 105 TL arasında değişen bir hizmet bedeli ödüyorum. 9 ay önce yönetimle sorun yaşadık ev sahibimin de b...","Pera Pendik rezidansta kırcı olarak oturuyorum, taşınmadan önce apsiyon uygulaması üzerinden ödeme yapılacağı bilgisi ve...rilmedi. Daha önce de kullanmamıştık. Hey ay neden olduğunu bilmediğim 95 le 105 TL arasında değişen bir hizmet bedeli ödüyorum. 9 ay önce yönetimle sorun yaşadık ev sahibimin de b...",,
withdrawn-87,[Şikayet Yayından Kaldırıldı],Engin,https://www.sikayetvar.com/uye/engin-3384622,15 Kasım 2024 11:26,771,Yayında,,Apsiyon Sayaç Dağıtımı sözleşmesi için Eylül ayı başında tarafıma ulaştı. Sözleşmeye göndereceklerini ilettiler ancak o ...günden 12/11/2024 tarihine kadar ne sözleşme ileten oldu ne de konu hakkında tarafıma ulaşmaya çalışan oldu. Bu zaman zarfı içerisinde kendilerini defalarca aradım ve sözleşme tara...,Apsiyon Sayaç Dağıtımı sözleşmesi için Eylül ayı başında tarafıma ulaştı. Sözleşmeye göndereceklerini ilettiler ancak o ...günden 12/11/2024 tarihine kadar ne sözleşme ileten oldu ne de konu hakkında tarafıma ulaşmaya çalışan oldu. Bu zaman zarfı içerisinde kendilerini defalarca aradım ve sözleşme tara...,,
withdrawn-88,[Şikayet Yayından Kaldırıldı],Nuri,https://www.sikayetvar.com/uye/nuri-12938357,14 Kasım 2024 08:09,7.414,Yayında,,İstanbul'da kaldığım sitenin aidatı 15.07.2024 tarihinde 2217 TL olmakla birlikte aidatımı Apsiyon uygulaması üzerinden ...ödemek istediğimde seferinde 105 TL hizmet bedeli ödemek durumunda kaldım. Her ödememde böyle bir ücret kesintisiyle karşılaşmak istemiyorum! Bu bir tüketici sömürülmesi ve mağduri...,İstanbul'da kaldığım sitenin aidatı 15.07.2024 tarihinde 2217 TL olmakla birlikte aidatımı Apsiyon uygulaması üzerinden ...ödemek istediğimde seferinde 105 TL hizmet bedeli ödemek durumunda kaldım. Her ödememde böyle bir ücret kesintisiyle karşılaşmak istemiyorum! Bu bir tüketici sömürülmesi ve mağduri...,,
withdrawn-89,[Şikayet Yayından Kaldırıldı],Özcan,https://www.sikayetvar.com/uye/ozcan-14761161,15 Ekim 2024 12:20,3.633,Yayında,1,46 dairelik bir sitenin yöneticisiyim. Apsiyon sayaç okuma sözleşmemizi 2 hafta önce yeniledim. Şimdi bize sayaç okuma b...edeli olarak 1.214 TL fatura yansıtılmış. Kazan dairesini açmadık ve doğalgaz faturamız 0 TL. Almadığımız bir hizmetin faturasını bize yansıtıyorsunuz. Müşteri temsilcisi ile görüş...,46 dairelik bir sitenin yöneticisiyim. Apsiyon sayaç okuma sözleşmemizi 2 hafta önce yeniledim. Şimdi bize sayaç okuma b...edeli olarak 1.214 TL fatura yansıtılmış. Kazan dairesini açmadık ve doğalgaz faturamız 0 TL. Almadığımız bir hizmetin faturasını bize yansıtıyorsunuz. Müşteri temsilcisi ile görüş...,,
apsiyon-hizmet-bedeli-adaletsizligi,Apsiyon Hizmet Bedeli Adaletsizliği,Nuri,https://www.sikayetvar.com/uye/nuri-12124543,15 Ekim 2024 00:54,3.488,Çözüldü,5,"Apsiyon hizmet bedeli adı altında fahiş ödeme alınıyor. Bu yapılan işlem hu...kuka doğrudan aykırı olup, tüketici haklarını ihlal etmektedir. Buna bir çö...","Apsiyon hizmet bedeli adı altında fahiş ödeme alınıyor. Bu yapılan işlem hukuka doğrudan aykırı olup, tüketici haklarını ihlal etmektedir. Buna bir çözüm bulunmasını istiyorum. Ve tarafıma ivedilikle dönüş yapılmasını daha önce kesilen hizmet bedeli tutarlarının hesabıma iadesini istiyorum.",,https://www.sikayetvar.com/apsiyon/apsiyon-hizmet-bedeli-adaletsizligi
withdrawn-91,[Şikayet Yayından Kaldırıldı],Müslüm,https://www.sikayetvar.com/uye/muslum-5843313,9 Ekim 2024 11:54,1.014,Yayında,1,Ankara Altındağ Karacaviran Mahallesi Toplu Konutları sitemizde muhasebe programı olarak 11.09.2023 tarihinde Apsiyon pr...ogramı ile taahhüt sözleşmesi yaptık. 24 ay boyunca 3012.00 TL ödeyeceğimizi satış sorumlusu ve sözleşmede belirtilmesine rağmen bir yıl dolduktan sonra Eylül 2024 ayında TÜFE'ye g...,Ankara Altındağ Karacaviran Mahallesi Toplu Konutları sitemizde muhasebe programı olarak 11.09.2023 tarihinde Apsiyon pr...ogramı ile taahhüt sözleşmesi yaptık. 24 ay boyunca 3012.00 TL ödeyeceğimizi satış sorumlusu ve sözleşmede belirtilmesine rağmen bir yıl dolduktan sonra Eylül 2024 ayında TÜFE'ye g...,,
apsiyon-yonetim-sistemi-hesaplarla-istenilen-sekilde-oynanmasi,Apsiyon Yönetim Sistemi / Hesaplarla İstenilen Şekilde Oynanması,Nusret,https://www.sikayetvar.com/uye/nusret-1388138,18 Eylül 2024 15:32,3.470,Yayında,1,"Site sakini (kiracıyım, faturalarım mevcut) olarak ödediğim bütün aidat ve ödemeler sistemden düşürülmüştür. Bütün ödeme... ve dekontlarım mevcut fakat site yönetiminin isteğiyle ödediğim aidat ve fatura tutarlar 3 ay geçmişe dönük sistemden silinmiştir. Tamamen şeffaf ve takip edilebilir Apsiyon yönet...","Site sakini (kiracıyım, faturalarım mevcut) olarak ödediğim bütün aidat ve ödemeler sistemden düşürülmüştür. Bütün ödeme ve dekontlarım mevcut fakat site yönetiminin isteğiyle ödediğim aidat ve fatura tutarlar 3 ay geçmişe dönük sistemden silinmiştir. Tamamen şeffaf ve takip edilebilir Apsiyon yönetim sitemi bir yöneticinin isteğiyle geçmişe dönük hesaplarla oynanabiliyor. Ve ödediğim bütün ücretler sistemde + bakiye olarak durmaktadır. Kira kontratım ve elektrik/su faturam olmasına karşın başka birisi borçlandırılarak icraya verilmiştir. Nasıl bir oyun ve yönetim sistemi ki, müşteri hizmetleri sadece yöneticiye destek verebiliyor. Ödediğim dekontlarla birlikte adli makamlara şikayet edeceğim.",,https://www.sikayetvar.com/apsiyon/apsiyon-yonetim-sistemi-hesaplarla-istenilen-sekilde-oynanmasi
apsiyon-kart-ile-odeme-yaptirmiyor,Apsiyon Kart İle Ödeme Yaptırmıyor,Yusuf,https://www.sikayetvar.com/uye/yusuf-8123766,26 Ağustos 2024 14:56,2.433,Yayında,3,Apsiyon adlı bozuk uygulama üzerinden ne kredi kartıyla ne de BKM Express ile ödeme yapamıyoruz. Kendileriyle görüşüyoru...z bankayla görüşün diyorlar fakat ödeme adımım daha bankaya ulaşamıyor çünkü banka sayfasına yönlendirilmiyor bile. Banka ile ödemekten vazgeçip BKM Express ile ödemek istiyorum fa...,Apsiyon adlı bozuk uygulama üzerinden ne kredi kartıyla ne de BKM Express ile ödeme yapamıyoruz. Kendileriyle görüşüyoruz bankayla görüşün diyorlar fakat ödeme adımım daha bankaya ulaşamıyor çünkü banka sayfasına yönlendirilmiyor bile. Banka ile ödemekten vazgeçip BKM Express ile ödemek istiyorum fakat ne hikmetse BKM Express ile öde butonu da çalışmıyor. Hata ile ilgili ekran kaydını ilettim fakat hala ısrarla bana dönüp bankanızla görüşün diyorlar. 6 Farklı bankanın kartıyla denememe rağmen ödeme yapamıyorum. Bu ödemenin gecikmesinden dolayı doğacak tüm maddi ve manevi hasarla birlikte mahkemeye başvuracağım. Öncelikle bu uygulamayı kullanan site yönetimini daha sonrasında da bu sorumsuz destek ekibi ve hatayı çözemeyen ürün destek ekibini şikayet edeceğim.,,https://www.sikayetvar.com/apsiyon/apsiyon-kart-ile-odeme-yaptirmiyor
withdrawn-94,[Şikayet Yayından Kaldırıldı],Murat,https://www.sikayetvar.com/uye/murat-12159465,24 Ağustos 2024 10:25,503,Çözüldü (Yayından Kaldırıldı),5,Murat şikayetini yayından kaldırdı.,Murat şikayetini yayından kaldırdı.,,
withdrawn-95,[Şikayet Yayından Kaldırıldı],Bengisu,https://www.sikayetvar.com/uye/bengisu-6517701,15 Ağustos 2024 17:33,522,Çözüldü (Yayından Kaldırıldı),5,Bengisu şikayetini yayından kaldırdı.,Bengisu şikayetini yayından kaldırdı.,,
withdrawn-96,[Şikayet Yayından Kaldırıldı],Muhammed,https://www.sikayetvar.com/uye/muhammed-244480,12 Ağustos 2024 21:11,510,Çözüldü (Yayından Kaldırıldı),4,Muhammed şikayetini yayından kaldırdı.,Muhammed şikayetini yayından kaldırdı.,,
apsiyon-sisteminden-kredi-karti-ile-odeme-yapilamiyor,Apsiyon Sisteminden Kredi Kartı İle Ödeme Yapılamıyor,Muhasebe,https://www.sikayetvar.com/uye/muhasebe-12361277,10 Ağustos 2024 18:24,1.237,Yayında,,"Apsiyon sisteminden kredi kartı ile ödeme yapmaya çalışıyorum ama yapamıyorum. Apsiyon ile görüşmemde bankanızla görüşü...n diyorlar ama 5 farklı banka kartında da aynı uyarıyı veriyor. Mail atmama rağmen sorunu bir türlü çözmüyorlar, müşteri hizmetlerine ulaşmak çok zor, herhangi bir şekilde yardımcı...","Apsiyon sisteminden kredi kartı ile ödeme yapmaya çalışıyorum ama yapamıyorum. Apsiyon ile görüşmemde bankanızla görüşün diyorlar ama 5 farklı banka kartında da aynı uyarıyı veriyor. Mail atmama rağmen sorunu bir türlü çözmüyorlar, müşteri hizmetlerine ulaşmak çok zor, herhangi bir şekilde yardımcı olmuyorlar. Sistemi yapıyorlar, övüyorlar, reklam yapıyorlar ancak iş destek noktasına gelince hep mağdur oluyoruz. Mağduriyetimin giderilmesini istiyorum.",,https://www.sikayetvar.com/apsiyon/apsiyon-sisteminden-kredi-karti-ile-odeme-yapilamiyor
withdrawn-98,[Şikayet Yayından Kaldırıldı],Fikri,https://www.sikayetvar.com/uye/fikri-4729686,8 Ağustos 2024 00:44,5.327,Yayında,,"Apsiyon uygulaması, ödeme talimatı verseniz de vermeseniz de fahiş fiyat kesiyor. Kaç yıllık memurum, böyle bir düzen gö...rmedim. Elimden geleni yapacağım, bilgilerinize sunarım. Bu ekonomide insanların parasını kolayca almak hiç yakışır bir durum değil. Gerekli her yere bildirip yapılması gereken ne ...","Apsiyon uygulaması, ödeme talimatı verseniz de vermeseniz de fahiş fiyat kesiyor. Kaç yıllık memurum, böyle bir düzen gö...rmedim. Elimden geleni yapacağım, bilgilerinize sunarım. Bu ekonomide insanların parasını kolayca almak hiç yakışır bir durum değil. Gerekli her yere bildirip yapılması gereken ne ...",,
withdrawn-99,[Şikayet Yayından Kaldırıldı],Yasemen,https://www.sikayetvar.com/uye/yasemen-1878971,4 Ağustos 2024 22:58,673,Çözüldü (Yayından Kaldırıldı),5,Yasemen şikayetini yayından kaldırdı.,Yasemen şikayetini yayından kaldırdı.,,
withdrawn-100,[Şikayet Yayından Kaldırıldı],Sina,https://www.sikayetvar.com/uye/sina-8832179,3 Temmuz 2024 21:21,4.559,Yayında,,"Apsiyon hizmet bedeli adı altında fahiş ödeme alınıyor. Bu yapılan işlem hukuka doğrudan aykırı olup, tüketici haklarını... ihlal etmektedir. Buna bir çözüm bulunmasını istiyorum.","Apsiyon hizmet bedeli adı altında fahiş ödeme alınıyor. Bu yapılan işlem hukuka doğrudan aykırı olup, tüketici haklarını... ihlal etmektedir. Buna bir çözüm bulunmasını istiyorum.",,
withdrawn-101,[Şikayet Yayından Kaldırıldı],Muhammet,https://www.sikayetvar.com/uye/muhammet-5651268,2 Temmuz 2024 00:55,816,Çözüldü (Yayından Kaldırıldı),4,Muhammet şikayetini yayından kaldırdı.,Muhammet şikayetini yayından kaldırdı.,,
withdrawn-102,[Şikayet Yayından Kaldırıldı],Mücahit,https://www.sikayetvar.com/uye/mucahit-9787374,11 Haziran 2024 12:18,1.041,Çözüldü (Yayından Kaldırıldı),5,Mücahit şikayetini yayından kaldırdı.,Mücahit şikayetini yayından kaldırdı.,,
withdrawn-103,[Şikayet Yayından Kaldırıldı],Hüseyin,https://www.sikayetvar.com/uye/huseyin-13404796,7 Haziran 2024 23:13,874,Çözüldü (Yayından Kaldırıldı),5,Hüseyin şikayetini yayından kaldırdı.,Hüseyin şikayetini yayından kaldırdı.,,
apsiyon-komisyon-bedeli-neden-oduyorum,Apsiyon Komisyon Bedeli Neden Ödüyorum,Orhan,https://www.sikayetvar.com/uye/orhan-11921291,5 Haziran 2024 12:31,2.500,Yayında,,Apsiyon uygulaması üzerinden aidat ödemek istediğimde 130 TL komisyon bedeli alıyor bu ücreti neye göre alıyor anlamadım.... Komisyon oranı belli değil neden ödeme yaptığım belli değil. Siteler bu tarz uygulamaları kolaylık olsun diye kullanıyor ama bunun da bedeli bizden çıkarılıyor.,Apsiyon uygulaması üzerinden aidat ödemek istediğimde 130 TL komisyon bedeli alıyor bu ücreti neye göre alıyor anlamadım. Komisyon oranı belli değil neden ödeme yaptığım belli değil. Siteler bu tarz uygulamaları kolaylık olsun diye kullanıyor ama bunun da bedeli bizden çıkarılıyor.,,https://www.sikayetvar.com/apsiyon/apsiyon-komisyon-bedeli-neden-oduyorum
withdrawn-105,[Şikayet Yayından Kaldırıldı],Emin,https://www.sikayetvar.com/uye/emin-14097059,1 Haziran 2024 17:04,5.660,Yayında,,"Apsiyon Yenişehir Konakları site aidatımı kredi kartı ile ödeme yaptığımda hizmet bedeli olarak 524,95 TL ödeme alıyorla...r. Bu yapılan uygulama açıkça hukuka aykırı olup, tüketici haklarını ihlal etmektedir. Haksiz kazanç niteliğinde olan hizmet bedeli uygulaması usul ve yasaya aykırıdır. Sorunun ive...","Apsiyon Yenişehir Konakları site aidatımı kredi kartı ile ödeme yaptığımda hizmet bedeli olarak 524,95 TL ödeme alıyorla...r. Bu yapılan uygulama açıkça hukuka aykırı olup, tüketici haklarını ihlal etmektedir. Haksiz kazanç niteliğinde olan hizmet bedeli uygulaması usul ve yasaya aykırıdır. Sorunun ive...",,
withdrawn-106,[Şikayet Yayından Kaldırıldı],Neva,https://www.sikayetvar.com/uye/neva-13706115,20 Mayıs 2024 22:27,2.793,Yayında,,"Evden taşınmama rağmen Apsiyon uygulaması benden aidat ücreti aldı, iade edeceklerini söylediler fakat 20 gündür etmiyor...lar. Otomatik ödeme talimatı da bankamda görünmüyor. Buna rağmen ödeme nasıl alındı ve neden iade edilmiyor anlayamıyorum. Bunun üstüne ödemeyi sorduğumda oldukça kaba cevaplarla ...","Evden taşınmama rağmen Apsiyon uygulaması benden aidat ücreti aldı, iade edeceklerini söylediler fakat 20 gündür etmiyor...lar. Otomatik ödeme talimatı da bankamda görünmüyor. Buna rağmen ödeme nasıl alındı ve neden iade edilmiyor anlayamıyorum. Bunun üstüne ödemeyi sorduğumda oldukça kaba cevaplarla ...",,
withdrawn-107,[Şikayet Yayından Kaldırıldı],Büşra,https://www.sikayetvar.com/uye/busra-14043447,20 Mayıs 2024 03:35,8.226,Yayında,,İstanbul'da kaldığım sitenin aidatı 2700 TL olmakla birlikte aidatımı Apsiyon uygulaması üzerinden ödemek istediğimde he...r seferinde 150/180TL arası hizmet bedeli ödemek durumunda kalıyorum. Bu ücret nedir neye göre hesaplanmaktadır. Her ödememde böyle bir ücret kesintisiyle karşılaşmak istemiyorum! ...,İstanbul'da kaldığım sitenin aidatı 2700 TL olmakla birlikte aidatımı Apsiyon uygulaması üzerinden ödemek istediğimde he...r seferinde 150/180TL arası hizmet bedeli ödemek durumunda kalıyorum. Bu ücret nedir neye göre hesaplanmaktadır. Her ödememde böyle bir ücret kesintisiyle karşılaşmak istemiyorum! ...,,
withdrawn-108,[Şikayet Yayından Kaldırıldı],Serkan,https://www.sikayetvar.com/uye/serkan-6447860,16 Mayıs 2024 13:08,1.193,Çözüldü (Yayından Kaldırıldı),5,Serkan şikayetini yayından kaldırdı.,Serkan şikayetini yayından kaldırdı.,,
withdrawn-109,[Şikayet Yayından Kaldırıldı],Murat,https://www.sikayetvar.com/uye/murat-14486830,3 Mayıs 2024 21:14,1.558,Çözüldü (Yayından Kaldırıldı),5,Murat şikayetini yayından kaldırdı.,Murat şikayetini yayından kaldırdı.,,
withdrawn-110,[Şikayet Yayından Kaldırıldı],Burcu,https://www.sikayetvar.com/uye/burcu-9038507,30 Nisan 2024 11:55,1.098,Çözüldü (Yayından Kaldırıldı),5,Burcu şikayetini yayından kaldırdı.,Burcu şikayetini yayından kaldırdı.,,
withdrawn-111,[Şikayet Yayından Kaldırıldı],İlker,https://www.sikayetvar.com/uye/ilker-6253100,30 Nisan 2024 11:35,957,Çözüldü (Yayından Kaldırıldı),4,İlker şikayetini yayından kaldırdı.,İlker şikayetini yayından kaldırdı.,,
withdrawn-112,[Şikayet Yayından Kaldırıldı],Ömer,https://www.sikayetvar.com/uye/omer-9171736,29 Nisan 2024 13:23,2.350,Yayında,,"Site yönetimi olarak geçen yıl Apsiyon site yönetimi uygulamasını ücret ödeyerek kullanmaya başladık. Bir yılın sonunda ...bize %300 oranında zam yapılacağını söylediler. %300 zam nedir, böyle bir şey olabilir mi? Ben bunu site sakinlerine nasıl izah edeceğim? Bakanlığa şikayet edeceğim.","Site yönetimi olarak geçen yıl Apsiyon site yönetimi uygulamasını ücret ödeyerek kullanmaya başladık. Bir yılın sonunda ...bize %300 oranında zam yapılacağını söylediler. %300 zam nedir, böyle bir şey olabilir mi? Ben bunu site sakinlerine nasıl izah edeceğim? Bakanlığa şikayet edeceğim.",,
withdrawn-113,[Şikayet Yayından Kaldırıldı],Benan,https://www.sikayetvar.com/uye/benan-13914591,21 Nisan 2024 23:48,8.503,Yayında,,Apsiyon uygulaması fahiş bir hizmet bedeli almaktadır. Üstelik de bu konuda hiçbir bilgilendirme yapılmadan bu ücret tal...ep edilmiştir. 4789 TL lik site faturam için 239 TL ücret talep edildi. Bu kabul edilebilir değildir. Daha önce site aidat ve doğal gaz ödemelerimi bankamdan otomatik ödeme ile yap...,Apsiyon uygulaması fahiş bir hizmet bedeli almaktadır. Üstelik de bu konuda hiçbir bilgilendirme yapılmadan bu ücret tal...ep edilmiştir. 4789 TL lik site faturam için 239 TL ücret talep edildi. Bu kabul edilebilir değildir. Daha önce site aidat ve doğal gaz ödemelerimi bankamdan otomatik ödeme ile yap...,,
apsiyon-faturalar-ve-yonetim-sorunu-mora-residence-deneyimi,Apsiyon Faturalar Ve Yönetim Sorunu: Mora Residence Deneyimi,Bermal,https://www.sikayetvar.com/uye/bermal-13894281,16 Nisan 2024 20:19,1.533,Çözüldü,4,Mora Residence Kırıkkale'de ikamet ediyorum. Üç ay önceki faturama normalin... iki katı bir miktar yansıtıldığı için faturanın geldiği tarihte yönetici M...,"Mora Residence Kırıkkale'de ikamet ediyorum. Üç ay önceki faturama normalin iki katı bir miktar yansıtıldığı için faturanın geldiği tarihte yönetici M****** Bey'e şikayetimi ilettim. O da teknik servise baktıracağını söyledi. Aradan bir buçuk ay geçti. Bu sürede M****** Bey'e defalarca durumu sordum ve halledeceklerini belirtti. Ben de hatalı olduğu sürece ödeme yapmayacağımı ilk görüşmemizden itibaren belirtmiştim. Bir buçuk ay sonra gelen yeni faturada yine normalin iki katı bir miktar çıktı. Teknik servis geldiğini ve doğalgaz sayacında teknik bir hata olduğunu, faturayı yeniden düzelteceklerini söylediler. Ben de hatanın nedenini ve teknik raporlarını istedim. Fatura 900 küsur TL iken 200 TL indirim yaptıklarını belirttiler. Ben ise indirim istemediğimi, kullanımım neyse onu tespit edip öyle ödeme yapacağımı söyledim. M****** Bey ise sürekli 'mesai saatim bitti, yorgunum, ben teknik konulardan anlamıyorum' diyerek beni geçiştirdi. Üç ayın sonunda 4000 TL borçlandığımı öğrendim ve bana 10 gün önce bir numara verdiler. Numarayı aradım ama açan olmadı. Elektriği yarına kadar ödemezsem keseceklerini söylediler. M****** Bey'le konuştuğumda ise mesai çıkışı elektriği kestirip çıkmış. Burası dağ başı mı? İşini yapmayan insanların keyiflerine göre insanları terbiye etmeye çalıştıkları bir yer mi? M****** Bey'le sorunu çözemeyeceğimi anladığımdan beri yöneticinin ya da mülk sahibinin ya da sorunu çözebilecek bir muhatap arıyorum ama kimse isim vermiyor. Burada oturan insanların sorununu baştan savıp sonra keyfine göre elektriği kesen birini neden yönetici yapıyorsunuz? Şu an elektrik evimde yok ve muhatap bulamıyorum. Sorun kimle çözülecekse o kişi beni bulup görüşmeli. Üslupsuz, saygısız ve keyfine göre yönetim anlayışı Mora'nın tarzı mı?",,https://www.sikayetvar.com/apsiyon/apsiyon-faturalar-ve-yonetim-sorunu-mora-residence-deneyimi
withdrawn-115,[Şikayet Yayından Kaldırıldı],Kemal,https://www.sikayetvar.com/uye/kemal-15014648,16 Nisan 2024 15:21,601,Çözüldü (Yayından Kaldırıldı),5,Kemal şikayetini yayından kaldırdı.,Kemal şikayetini yayından kaldırdı.,,
withdrawn-116,[Şikayet Yayından Kaldırıldı],Cüneyd,https://www.sikayetvar.com/uye/cuneyd-574148,15 Nisan 2024 11:55,799,Yayında,1,Geçen sene apsiyon ile sözleşme yaptık ve aylık 575 TL olarak anlaşmıştık. Sözleşme süresinin bitmesi nedeniyle bu ay ke...silen fatura 2.300 TL oldu. TÜFE'ye göre artış yapmalarını talep etmeme rağmen kabul etmediler.,Geçen sene apsiyon ile sözleşme yaptık ve aylık 575 TL olarak anlaşmıştık. Sözleşme süresinin bitmesi nedeniyle bu ay ke...silen fatura 2.300 TL oldu. TÜFE'ye göre artış yapmalarını talep etmeme rağmen kabul etmediler.,,
withdrawn-117,[Şikayet Yayından Kaldırıldı],Muazzez,https://www.sikayetvar.com/uye/muazzez-10898218,8 Nisan 2024 14:35,8.498,Yayında,,"Daha önce de Apsiyon uygulamasını kullanmıştım ama hiç hizmet bedeli ile karşılaşmadım. Şimdi yeni bir şehre taşındım ve... oradaki aidatı ödemek için Apsiyon uygulamasına girdiğimde 124 lira hizmet bedeli istendiğini gördüm. Eğer bir uygulama sadece ek gelir elde etmek amacıyla yapıldıysa, biz her ay ...","Daha önce de Apsiyon uygulamasını kullanmıştım ama hiç hizmet bedeli ile karşılaşmadım. Şimdi yeni bir şehre taşındım ve... oradaki aidatı ödemek için Apsiyon uygulamasına girdiğimde 124 lira hizmet bedeli istendiğini gördüm. Eğer bir uygulama sadece ek gelir elde etmek amacıyla yapıldıysa, biz her ay ...",,
withdrawn-118,[Şikayet Yayından Kaldırıldı],Murat,https://www.sikayetvar.com/uye/murat-13855014,7 Nisan 2024 10:57,1.902,Çözüldü (Yayından Kaldırıldı),5,Murat şikayetini yayından kaldırdı.,Murat şikayetini yayından kaldırdı.,,
apsiyon-hizmetinin-iptali-ve-alinan-ucret-hakkinda,Apsiyon Hizmetinin İptali Ve Alınan Ücret Hakkında,Esra,https://www.sikayetvar.com/uye/esra-13803060,27 Mart 2024 12:13,835,Yayında,,Apsiyon programını 13 Mart'ta imzaladık ve 22 Mart'ta iptal etmek istedik. Sadece bir apartman yüklendi. Sizinle bir müş...teri temsilcisi ilgileniyor; o da başkalarıyla ilgilendiği için ulaşmak çok zor. Sizi aradığında ulaşamadığında bir daha bekliyorsunuz. Diğer müşteri temsilcileri de yardımcı olamı...,"Apsiyon programını 13 Mart'ta imzaladık ve 22 Mart'ta iptal etmek istedik. Sadece bir apartman yüklendi. Sizinle bir müşteri temsilcisi ilgileniyor; o da başkalarıyla ilgilendiği için ulaşmak çok zor. Sizi aradığında ulaşamadığında bir daha bekliyorsunuz. Diğer müşteri temsilcileri de yardımcı olamıyorlar. On gün duran bir program için 3.420 TL fatura kestiler. Ödemeyeceğimiz demedik ama bu kadar yüksek bir ücret alınmamalı. Bunu söylediğimizde, 'Bir gün dahi kullansanız bunu alacağız.' dediler. Yeni sözleşme yapacak olanlar çok dikkatli okumalılar.",,https://www.sikayetvar.com/apsiyon/apsiyon-hizmetinin-iptali-ve-alinan-ucret-hakkinda
withdrawn-120,[Şikayet Yayından Kaldırıldı],Nejla,https://www.sikayetvar.com/uye/nejla-13778715,22 Mart 2024 11:05,721,Yayında,,"Apsiyon, aylık 803 TL'den başlayan en düşük paketi sunduklarını iddia ediyor ve içinde daha önce kullanılan bazı raporla...r bulunuyormuş. Ancak bu raporları, paketin yükseltilmesi amacıyla ücretli hale getirmişler. Mevcut paketi kullanmaya devam edeceğimizi belirtmemize rağmen, pazarlama çalışanları b...","Apsiyon, aylık 803 TL'den başlayan en düşük paketi sunduklarını iddia ediyor ve içinde daha önce kullanılan bazı raporla...r bulunuyormuş. Ancak bu raporları, paketin yükseltilmesi amacıyla ücretli hale getirmişler. Mevcut paketi kullanmaya devam edeceğimizi belirtmemize rağmen, pazarlama çalışanları b...",,
withdrawn-121,[Şikayet Yayından Kaldırıldı],Aydan,https://www.sikayetvar.com/uye/aydan-10504684,21 Mart 2024 22:42,4.580,Yayında,,Apsiyon uygulaması her ay neredeyse 100 TL'nin üzerinde fahiş tutarda hizmet bedeli almaktadır. Bankalar bile bu kadar k...omisyon almıyorken bir uygulama neden bu kadar yüksek bedel alıyor? Sorunumun çözülmesi için tarafıma dönüş sağlanmaması halinde anayasal haklarımdan yararlanacağımı bildiririm.,Apsiyon uygulaması her ay neredeyse 100 TL'nin üzerinde fahiş tutarda hizmet bedeli almaktadır. Bankalar bile bu kadar k...omisyon almıyorken bir uygulama neden bu kadar yüksek bedel alıyor? Sorunumun çözülmesi için tarafıma dönüş sağlanmaması halinde anayasal haklarımdan yararlanacağımı bildiririm.,,
withdrawn-122,[Şikayet Yayından Kaldırıldı],Betül,https://www.sikayetvar.com/uye/betul-13754030,17 Mart 2024 14:07,390,Çözüldü (Yayından Kaldırıldı),5,Betül şikayetini yayından kaldırdı.,Betül şikayetini yayından kaldırdı.,,
withdrawn-123,[Şikayet Yayından Kaldırıldı],Ertürk,https://www.sikayetvar.com/uye/erturk-13753261,17 Mart 2024 10:16,967,Yayında,1,"2020 yılında kurumsal üyelik başlattığım Apsiyon adlı firma ile ilk yılda 1,00 TL karşılığında hizmet almaya başladım. 2...022 yılının Mart ayında, sözleşmenin taahhüt süresinin bittiği gerekçesiyle, TÜFE'nin %55 olduğunu belirterek daire başına 1 TL olan ücreti %180'lik fahiş bir fiyat artışıyla 2,80 ...","2020 yılında kurumsal üyelik başlattığım Apsiyon adlı firma ile ilk yılda 1,00 TL karşılığında hizmet almaya başladım. 2...022 yılının Mart ayında, sözleşmenin taahhüt süresinin bittiği gerekçesiyle, TÜFE'nin %55 olduğunu belirterek daire başına 1 TL olan ücreti %180'lik fahiş bir fiyat artışıyla 2,80 ...",,
apsiyon-fahis-hizmet-bedelleri,Apsiyon Fahiş Hizmet Bedelleri,Bahadır,https://www.sikayetvar.com/uye/bahadir-17007173,7 Mart 2024 23:54,4.926,Yayında,1,Apsiyon uygulaması her ay fahiş düzeyde hizmet bedeli adı altında vatandaştan para almaktadır. 1800 TL olan aidatım karş...ılığında yaklaşık 100 TL gibi bir hizmet bedeli ödemekteyim. Bu nasıl bir uygulamadır. Ödediğim ücretlerin iadesini talep ediyorum. Tüketici Hakları'na başvuracağım.,Apsiyon uygulaması her ay fahiş düzeyde hizmet bedeli adı altında vatandaştan para almaktadır. 1800 TL olan aidatım karşılığında yaklaşık 100 TL gibi bir hizmet bedeli ödemekteyim. Bu nasıl bir uygulamadır. Ödediğim ücretlerin iadesini talep ediyorum. Tüketici Hakları'na başvuracağım.,,https://www.sikayetvar.com/apsiyon/apsiyon-fahis-hizmet-bedelleri
withdrawn-125,[Şikayet Yayından Kaldırıldı],Abdurrahim,https://www.sikayetvar.com/uye/abdurrahim-13678827,1 Mart 2024 16:03,4.660,Yayında,,"Apsiyon hizmet bedeli adı altında fahiş ödeme alınıyor. Bu yapılan işlem hukuka doğrudan aykırı olup, tüketici haklarını... ihlal etmektedir. Hizmet bedeli uygulaması haksız kazanç niteliğinde olup, usul ve yasalara aykırıdır. Sorunumun çözülmesi için tarafıma dönüş sağlanmasını, aksi halde anayasal ha...","Apsiyon hizmet bedeli adı altında fahiş ödeme alınıyor. Bu yapılan işlem hukuka doğrudan aykırı olup, tüketici haklarını... ihlal etmektedir. Hizmet bedeli uygulaması haksız kazanç niteliğinde olup, usul ve yasalara aykırıdır. Sorunumun çözülmesi için tarafıma dönüş sağlanmasını, aksi halde anayasal ha...",,
withdrawn-126,[Şikayet Yayından Kaldırıldı],Sibel,https://www.sikayetvar.com/uye/sibel-375553,20 Şubat 2024 09:39,469,Çözüldü (Yayından Kaldırıldı),5,Sibel şikayetini yayından kaldırdı.,Sibel şikayetini yayından kaldırdı.,,
withdrawn-127,[Şikayet Yayından Kaldırıldı],Yiğit,https://www.sikayetvar.com/uye/yigit-6855462,19 Şubat 2024 12:51,4.619,Yayında,,"Apsiyon hizmet bedeli adı altında fahiş ödeme alınıyor. Bu yapılan işlem hukuka doğrudan aykırı olup, tüketici haklarını... ihlal etmektedir. Hizmet bedeli uygulaması haksız kazanç niteliğinde olup, usul ve yasalara aykırıdır. Sorunumun çözülmesi için tarafıma dönüş sağlanmasını, aksi halde anayasal ha...","Apsiyon hizmet bedeli adı altında fahiş ödeme alınıyor. Bu yapılan işlem hukuka doğrudan aykırı olup, tüketici haklarını... ihlal etmektedir. Hizmet bedeli uygulaması haksız kazanç niteliğinde olup, usul ve yasalara aykırıdır. Sorunumun çözülmesi için tarafıma dönüş sağlanmasını, aksi halde anayasal ha...",,
withdrawn-128,[Şikayet Yayından Kaldırıldı],Serkan,https://www.sikayetvar.com/uye/serkan-8078441,13 Şubat 2024 11:18,2.843,Çözüldü,5,Apsiyon firmasından talep ettiğimiz devir teslim işlemini gerçekleştirmesin...i bekledik; ancak 10 gündür tamamladıklarını söyledikleri işlemlerin hiçbir...,Apsiyon firmasından talep ettiğimiz devir teslim işlemini gerçekleştirmesin...i bekledik; ancak 10 gündür tamamladıklarını söyledikleri işlemlerin hiçbir...,,
apsiyon-dogalgaz-sayac-okumalari,Apsiyon Doğalgaz Sayaç Okumaları,Hatice,https://www.sikayetvar.com/uye/hatice-13579623,9 Şubat 2024 09:59,2.686,Çözüldü,4,İzmir Torbalı Ayrancılar Toplu Konutları Site Yönetimi olarak 3 yıldır Apsi...yon'la çalışmaktayız. Ancak her ay doğalgaz sayaç okumaları gecikmeli bir ş...,İzmir Torbalı Ayrancılar Toplu Konutları Site Yönetimi olarak 3 yıldır Apsiyon'la çalışmaktayız. Ancak her ay doğalgaz sayaç okumaları gecikmeli bir şekilde sisteme yüklenmektedir. Apsiyon'dan önce çalıştığımız firma sayaç okumalarını 2 gün içinde gönderemiyor diye Apsiyon'la anlaştık (1 günde okunur zaten günlük okuma alınıyor sözüne istinaden) fakat gelinen noktada pişmanlık yaşamaktayız. Ayın 6'sında gönderilen faturaların dağıtımı sürekli maille hatırlatılmasına rağmen 9'unda ancak geri gönderilmekte ve gecikmeden dolayı zarara uğramaktayız. Bu konuya bir çözüm bulunmasını istiyoruz.,,https://www.sikayetvar.com/apsiyon/apsiyon-dogalgaz-sayac-okumalari
apsiyon-u-iptal-etme-sorunu-ve-fahis-fiyatlar,Apsiyon U İptal Etme Sorunu Ve Fahiş Fiyatlar,Serdar,https://www.sikayetvar.com/uye/serdar-438477,7 Şubat 2024 17:44,1.260,Yayında,,Apsiyon adlı uygulama sitemize 1 yıl önce alınmış. 2 yıl da taahhüt verilmiş. Biz süremiz dolmadan taahhüt cayma bedelin...i de ödeyerek sözleşmeyi bitirmek istiyoruz. 19 Ocak da iptali önce mail sonra defalarca telefon yoluyla bildirdik. Bize o tarihten bari sadece her defasında memnuniyet anketi geld...,Apsiyon adlı uygulama sitemize 1 yıl önce alınmış. 2 yıl da taahhüt verilmiş. Biz süremiz dolmadan taahhüt cayma bedelini de ödeyerek sözleşmeyi bitirmek istiyoruz. 19 Ocak da iptali önce mail sonra defalarca telefon yoluyla bildirdik. Bize o tarihten bari sadece her defasında memnuniyet anketi geldi. Daha da kötüsü Şubat ayı faturası da kesildi. Faturalara ön ödemeli yani o ayın faturası daha ayın başında kesiliyor. Bu kez fatura iptali için uğraşıyoruz. Alabildiğimiz tek yanıt ilgili birime aciliyeti bildiriyorum oluyor. 19 Ocak dan beri 20 gün oldu ve iptal yapıldı mı yapılmadı mi bilgimiz yok. Kesinlikle firmanın işlemeyen bir sistemi var ya da bilerek iptalleri süründürüyorlar ki ya vazgeçilsin ya unutulsun 1 ay daha fatura keselim diye basit bir hesap yapıyorlar. Apsiyon un garip fiyatlarıyla ilgili bilgi merak eden varsa bize daha 11. Ayda 2 adet kartlı geçiş sisteminin aylık kirası için 6000 TL+KDV teklif verilmiş. Bu kartlı geçişi kendiniz alsanız 2 adeti 150 dolar. Kurulum bedeli de çekecekleri 100 metre kablo için 100.000 TL yazmışlar. 2 yıl taahhüt süresi dolmadan iptal ederseniz o kadarlık bir iş yapılmış gibi size 100.000 TL cayma bedeli yansıtacaklar. Bizim cayma bedelimiz resmen bedava kalmış. Ama yeni sözleşme yapacaklar sözleşmenizi mutlaka çok iyi okuyun...,,https://www.sikayetvar.com/apsiyon/apsiyon-u-iptal-etme-sorunu-ve-fahis-fiyatlar
withdrawn-131,[Şikayet Yayından Kaldırıldı],Bünyamin,https://www.sikayetvar.com/uye/bunyamin-1191086,26 Ocak 2024 18:49,897,Çözüldü (Yayından Kaldırıldı),5,Bünyamin şikayetini yayından kaldırdı.,Bünyamin şikayetini yayından kaldırdı.,,
withdrawn-132,[Şikayet Yayından Kaldırıldı],Özkan,https://www.sikayetvar.com/uye/ozkan-13456167,15 Ocak 2024 09:33,466,Çözüldü (Yayından Kaldırıldı),5,Özkan şikayetini yayından kaldırdı.,Özkan şikayetini yayından kaldırdı.,,
innovia-3-sitesi-hukuka-aykiri-alinan-apsiyon-hizmet-bedeli,Innovia 3 Sitesi Hukuka Aykırı Alınan Apsiyon Hizmet Bedeli,Neşe,https://www.sikayetvar.com/uye/nese-9696457,6 Ocak 2024 19:48,9.107,Yayında,,"Innovia 3 Sitesinde oturuyorum. Apsiyon hizmet bedeli olarak 112,97 TL ödeme alıyorlar, aidatı ödemek için kart numaramı... girdiğimde. Bu yapılan uygulama açıkça hukuka aykırı olup, tüketici haklarını ihlal etmektedir. Haksiz kazanç niteliğinde olan hizmet bedeli uygulaması usul ve yasaya aykırıdır. S...","Innovia 3 Sitesinde oturuyorum. Apsiyon hizmet bedeli olarak 112,97 TL ödeme alıyorlar, aidatı ödemek için kart numaramı girdiğimde. Bu yapılan uygulama açıkça hukuka aykırı olup, tüketici haklarını ihlal etmektedir. Haksiz kazanç niteliğinde olan hizmet bedeli uygulaması usul ve yasaya aykırıdır. Sorunun ivedilikle çözülmesini, tarafıma dönüş sağlanmasını, aksi hallerde yasal şikayet/dava yoluna gideceğimi bildiririm. Ö*** Ç********",,https://www.sikayetvar.com/apsiyon/innovia-3-sitesi-hukuka-aykiri-alinan-apsiyon-hizmet-bedeli
withdrawn-134,[Şikayet Yayından Kaldırıldı],Anonim,https://www.sikayetvar.com/uye/anonim-13406620,5 Ocak 2024 11:55,6.380,Yayında,,"İstanbul'da kaldığım sitenin aidatı 1500 TL olmakla birlikte aidatımı Apsiyon uygulaması üzerinden ödemek istediğimde he...r seferinde 75 TL hizmet bedeli ödemek durumunda kalıyorum. Her ödememde böyle bir ücret kesintisiyle karşılaşmak istemiyorum! Bu bir tüketici sömürülmesi ve mağduriyetidir, acilen...","İstanbul'da kaldığım sitenin aidatı 1500 TL olmakla birlikte aidatımı Apsiyon uygulaması üzerinden ödemek istediğimde he...r seferinde 75 TL hizmet bedeli ödemek durumunda kalıyorum. Her ödememde böyle bir ücret kesintisiyle karşılaşmak istemiyorum! Bu bir tüketici sömürülmesi ve mağduriyetidir, acilen...",,
withdrawn-135,[Şikayet Yayından Kaldırıldı],Dilek,https://www.sikayetvar.com/uye/dilek-14438443,3 Ocak 2024 20:30,1.933,Yayında,1,"Oturduğum Quattro evlerinde faturalandırma sorunu yaşamaktayım. Geçen ay oturmadığım aylar bile tarafıma yansıtıldı. Şik...ayetim üzerine fiyatı düşürdüler ancak makbuz, Excel'de hazırlanmış ve sisteme bile işlenmemiş; sadece WhatsApp üzerinden tarafıma gönderildi. Tüm söylemlerime rağmen Apsiyon'da dü...","Oturduğum Quattro evlerinde faturalandırma sorunu yaşamaktayım. Geçen ay oturmadığım aylar bile tarafıma yansıtıldı. Şik...ayetim üzerine fiyatı düşürdüler ancak makbuz, Excel'de hazırlanmış ve sisteme bile işlenmemiş; sadece WhatsApp üzerinden tarafıma gönderildi. Tüm söylemlerime rağmen Apsiyon'da dü...",,
apsiyondan-aktive-maili-alamiyorum,Apsiyondan Aktive Maili Alamıyorum,Kadir,https://www.sikayetvar.com/uye/kadir-13392374,2 Ocak 2024 20:04,2.061,Çözüldü,5,,Telefonumu değiştirdim Apsiyon uygulamasını yeni telefona yükledim fakat hesaba giriş yapamıyorum bana aktivasyon kodu gönderildiği yazıyor ama hiçbir mail gelmiyor asla. Bu durumu bir türlü çözemedim acil çözüm bekliyorum. Aidatlarımı vs ödeyemiyorum,,https://www.sikayetvar.com/apsiyon/apsiyondan-aktive-maili-alamiyorum
apsiyon-uygulamasinda-aidat-odemedeki-onay-kodu-alinamamasi,Apsiyon Uygulamasında Aidat Ödemedeki Onay Kodu Alınamaması,Mehmet,https://www.sikayetvar.com/uye/mehmet-12107787,2 Ocak 2024 13:44,2.545,Yayında,,"Merhabalar, Oturduğum evin aidatını ödemek için yaklaşık iki yıldır Apsiyon uygulamasını kullanıyorum ve herhangi bir öd...emede düne kadar hiçbir sorun yaşamamıştım. Ancak dünden beri güncellenen aidatımı yaklaşık yirmi-yirmi beş kez ödemeye çalışmama rağmen telefonuma onay kodu gönderilmediği için si...","Merhabalar, Oturduğum evin aidatını ödemek için yaklaşık iki yıldır Apsiyon uygulamasını kullanıyorum ve herhangi bir öd...emede düne kadar hiçbir sorun yaşamamıştım. Ancak dünden beri güncellenen aidatımı yaklaşık yirmi-yirmi beş kez ödemeye çalışmama rağmen telefonuma onay kodu gönderilmediği için si...",,https://www.sikayetvar.com/apsiyon/apsiyon-uygulamasinda-aidat-odemedeki-onay-kodu-alinamamasi
apsiyon-gercege-aykiri-beyan-ile-sozlesme-yapilmasi,Apsiyon Gerçeğe Aykırı Beyan İle Sözleşme Yapılması,Mehmet,https://www.sikayetvar.com/uye/mehmet-8715859,21 Aralık 2023 13:43,3.422,Yayında,1,"Merhaba, Apartman yönetimimiz daire sakinlerinin aidat ve diğer ödemelerini takip etmek için Apsiyon firması ile görüşmü...ştür. Yapılan görüşmede Akbank ile çalışan apartman yönetimlerinin en az 25.000 TL aylık tahsilatı olması halinde Apsiyon ile Akbank arasındaki protokol gereği 24 ay sistemi ücrets...","Merhaba, Apartman yönetimimiz daire sakinlerinin aidat ve diğer ödemelerini takip etmek için Apsiyon firması ile görüşmü...ştür. Yapılan görüşmede Akbank ile çalışan apartman yönetimlerinin en az 25.000 TL aylık tahsilatı olması halinde Apsiyon ile Akbank arasındaki protokol gereği 24 ay sistemi ücrets...",,https://www.sikayetvar.com/apsiyon/apsiyon-gercege-aykiri-beyan-ile-sozlesme-yapilmasi
withdrawn-139,[Şikayet Yayından Kaldırıldı],Sinan,https://www.sikayetvar.com/uye/sinan-6737008,7 Aralık 2023 01:55,5.305,Yayında,,Ev aldığım sitenin yöneticisi ücretsiz diyerek bana zorla apsiyon yükletti ve uygulamaya herhangi bir kartımın bilgisini... falan girmedim hiçbir aidat veya yakıt borcumu apsiyon üzerinden almadım dolayısıyla herhangi bir kullanma olmadı. Bana 178 TL hizmet bedeli ödemem gerektiğini söylüyor uygulama. ...,Ev aldığım sitenin yöneticisi ücretsiz diyerek bana zorla apsiyon yükletti ve uygulamaya herhangi bir kartımın bilgisini... falan girmedim hiçbir aidat veya yakıt borcumu apsiyon üzerinden almadım dolayısıyla herhangi bir kullanma olmadı. Bana 178 TL hizmet bedeli ödemem gerektiğini söylüyor uygulama. ...,,
apsiyon-700-fiyat-artisi-yapiyor,Apsiyon %700 Fiyat Artışı Yapıyor!,Uzman,https://www.sikayetvar.com/uye/uzman-13248970,6 Aralık 2023 10:12,1.813,Yayında,1,"Apsiyon fahiş fiyat artışı! %700 1595 dairenin yönetimini yapan bir firma olarak 2 yıldır Apsiyon (Apartman-Site Yöneti...m Yazılımı) firmasıyla çalışmaktayız. 07/12/2021'de 24 aylık sözleşme imzalamış olduğumuz firma, 04/12/2023'te sözleşme süremizin dolacağını ileten bir e-posta gönderdi ve buna is...","Apsiyon fahiş fiyat artışı! %700 1595 dairenin yönetimini yapan bir firma olarak 2 yıldır Apsiyon (Apartman-Site Yönetim Yazılımı) firmasıyla çalışmaktayız. 07/12/2021'de 24 aylık sözleşme imzalamış olduğumuz firma, 04/12/2023'te sözleşme süremizin dolacağını ileten bir e-posta gönderdi ve buna istinaden satış sorumlusu ile randevu oluşturduk. Sözleşme süresi içinde en başlangıç fiyatı üzerine enflasyon farkı yansıtarak artışlar yapıldı ve bu artışlarla birlikte sözleşme sonunda ödediğimiz rakam daire başına 1,38 + KDV idi. Yeni dönem için teklif edilen rakam ise 7,44 (Liste Fiyatı 12,75; bize verilen özel fiyat). Bu arada ön ödemeli olarak kesilmiş son faturada ise daire başı 8,60 + KDV faturalandırma yapılmış. Bir önceki faturamız 2.581,70 TL iken, son faturamız ise 16.088 TL; yani 2 yıl enflasyon farkı ve %700 artış. Firmanın karşımıza çıkardığı bu fahiş artışı ahlak dışı buluyorum.",,https://www.sikayetvar.com/apsiyon/apsiyon-700-fiyat-artisi-yapiyor
withdrawn-141,[Şikayet Yayından Kaldırıldı],Mesut,https://www.sikayetvar.com/uye/mesut-6060713,18 Ekim 2023 07:40,1.805,Yayında,,"Apsiyon apsis uygulaması, 6 aydır kuramadılar sistemi. Teknik destek dersen, tenis topu misali, oradan oraya gonderiliyo...rsun. Sonunda pes edip, vazgeçmek zorunda kalıyorsun. Arada bir nasıl memnun musunuz diye arayıp sinir bozmasalar çok iyi olurdu.","Apsiyon apsis uygulaması, 6 aydır kuramadılar sistemi. Teknik destek dersen, tenis topu misali, oradan oraya gonderiliyo...rsun. Sonunda pes edip, vazgeçmek zorunda kalıyorsun. Arada bir nasıl memnun musunuz diye arayıp sinir bozmasalar çok iyi olurdu.",,
apsiyon-erisim-hatasi-aldim,Apsiyon Erişim Hatası Aldım.,Emre,https://www.sikayetvar.com/uye/emre-17322672,15 Ekim 2023 01:39,3.113,Çözüldü,5,,,,https://www.sikayetvar.com/apsiyon/apsiyon-erisim-hatasi-aldim
withdrawn-143,[Şikayet Yayından Kaldırıldı],Safiye,https://www.sikayetvar.com/uye/safiye-12950745,12 Ekim 2023 23:30,1.744,Çözüldü,5,"Merhaba, günlerdir sisteme girmeye çalışıyorum, ama maalesef mümkün değil. ...Şifre ya da mail yanlış diyor, ama değil. Neden böyle bir sorun ile karşı k...","Merhaba, günlerdir sisteme girmeye çalışıyorum, ama maalesef mümkün değil. ...Şifre ya da mail yanlış diyor, ama değil. Neden böyle bir sorun ile karşı k...",,
withdrawn-144,[Şikayet Yayından Kaldırıldı],Triyanda,https://www.sikayetvar.com/uye/triyanda-12937313,10 Ekim 2023 16:23,3.601,Yayında,,"Apsiyon Enflasyon oranının çok çok üzerinde artış yapıyori 317 dairelik bir site olarak Apsiyon (Apartman- Site Yönetim... Yazılımı) firmasıyla 2 yıldır çalışmaktayız. Sistemin, bize sunduğu hizmetlerden bu ay yeni sözleşme teklifi gelinceye kadar oldukça memnunduk. 06 Ekim 2021 de 24 aylık sözleşme ...","Apsiyon Enflasyon oranının çok çok üzerinde artış yapıyori 317 dairelik bir site olarak Apsiyon (Apartman- Site Yönetim... Yazılımı) firmasıyla 2 yıldır çalışmaktayız. Sistemin, bize sunduğu hizmetlerden bu ay yeni sözleşme teklifi gelinceye kadar oldukça memnunduk. 06 Ekim 2021 de 24 aylık sözleşme ...",,
